Record Length,1.024000e+03,,          0.00000,  -4.58970,
Sample Interval,4.932134e+01,,         49.32134,  -1.78970,
Trigger Point,-0.000000000000e+00,,         98.64268,  -8.58970,
,,,        147.96402, -66.98970,
,,,        197.28535, -66.98970,
,,,        246.60669, -66.98970,
Source,FFT,,        295.92803, -66.98970,
Vertical Units,dB,,        345.24937, -66.98970,
Vertical Scale,1.000000e+01,,        394.57071, -64.58970,
Vertical Offset,0.000000e+00,,        443.89205, -66.98970,
Horizontal Units,Hz,,        493.21338, -61.38970,
Horizontal Scale,5.050505e+03,,        542.53472, -66.98970,
Pt Fmt,Y,,        591.85606, -61.38970,
Yzero,-2.698970e+01,,        641.17740, -66.98970,
Probe Atten,1.000000e+00,,        690.49874, -60.58970,
Model Number,TBS1072B-EDU,,        739.82008, -51.78970,
Serial Number,C012918,,        789.14141, -47.38970,
Firmware Version,FV:v4.06,,        838.46275, -37.78970,
,,,887.78409, -16.98970,
,,,937.10543,  -6.98970,
,,,986.42677,  -5.38970,
,,,1035.74811,  -5.38970,
,,,1085.06945,  -9.78970,
,,,1134.39079, -28.98970,
,,,1183.71213, -42.58970,
,,,1233.03347, -50.58970,
,,,1282.35481, -55.38970,
,,,1331.67615, -60.58970,
,,,1380.99749, -66.98970,
,,,1430.31883, -66.98970,
,,,1479.64017, -66.98970,
,,,1528.96151, -66.98970,
,,,1578.28285, -66.98970,
,,,1627.60419, -66.98970,
,,,1676.92553, -57.78970,
,,,1726.24687, -57.78970,
,,,1775.56821, -48.18970,
,,,1824.88955, -40.58970,
,,,1874.21089, -24.98970,
,,,1923.53223, -10.18970,
,,,1972.85357,  -7.38970,
,,,2022.17491,  -7.38970,
,,,2071.49625,  -9.38970,
,,,2120.81759, -22.18970,
,,,2170.13893, -38.98970,
,,,2219.46027, -50.58970,
,,,2268.78161, -50.58970,
,,,2318.10295, -66.98970,
,,,2367.42429, -57.78970,
,,,2416.74563, -66.98970,
,,,2466.06697, -66.98970,
,,,2515.38831, -66.98970,
,,,2564.70965, -64.58970,
,,,2614.03099, -60.58970,
,,,2663.35233, -66.98970,
,,,2712.67367, -64.58970,
,,,2761.99501, -61.38970,
,,,2811.31635, -51.78970,
,,,2860.63769, -40.18970,
,,,2909.95903, -15.78970,
,,,2959.28037, -10.98970,
,,,3008.60171, -10.58970,
,,,3057.92305, -11.78970,
,,,3107.24439, -20.18970,
,,,3156.56573, -44.98970,
,,,3205.88707, -54.98970,
,,,3255.20841, -66.98970,
,,,3304.52975, -66.98970,
,,,3353.85109, -66.98970,
,,,3403.17243, -64.58970,
,,,3452.49377, -66.98970,
,,,3501.81511, -60.58970,
,,,3551.13645, -60.58970,
,,,3600.45779, -61.38970,
,,,3649.77913, -66.98970,
,,,3699.10047, -66.98970,
,,,3748.42181, -64.58970,
,,,3797.74315, -60.58970,
,,,3847.06449, -53.38970,
,,,3896.38583, -25.78970,
,,,3945.70717, -18.18970,
,,,3995.02851, -16.98970,
,,,4044.34985, -17.38970,
,,,4093.67119, -22.98970,
,,,4142.99253, -51.38970,
,,,4192.31387, -60.58970,
,,,4241.63521, -66.98970,
,,,4290.95655, -66.98970,
,,,4340.27789, -66.98970,
,,,4389.59923, -66.98970,
,,,4438.92057, -66.98970,
,,,4488.24191, -64.58970,
,,,4537.56325, -66.98970,
,,,4586.88459, -61.38970,
,,,4636.20593, -66.98970,
,,,4685.52727, -66.98970,
,,,4734.84861, -60.58970,
,,,4784.16995, -66.98970,
,,,4833.49129, -64.58970,
,,,4882.81263, -60.58970,
,,,4932.13397, -46.58970,
,,,4981.45531, -45.78970,
,,,5030.77665, -45.78970,
,,,5080.09799, -49.38970,
,,,5129.41933, -64.58970,
,,,5178.74067, -66.98970,
,,,5228.06201, -64.58970,
,,,5277.38335, -66.98970,
,,,5326.70469, -66.98970,
,,,5376.02603, -66.98970,
,,,5425.34737, -64.58970,
,,,5474.66871, -61.38970,
,,,5523.99005, -66.98970,
,,,5573.31139, -66.98970,
,,,5622.63273, -66.98970,
,,,5671.95407, -66.98970,
,,,5721.27541, -66.98970,
,,,5770.59675, -60.58970,
,,,5819.91809, -57.78970,
,,,5869.23943, -42.18970,
,,,5918.56077, -24.98970,
,,,5967.88211, -21.38970,
,,,6017.20345, -21.38970,
,,,6066.52479, -22.98970,
,,,6115.84613, -34.18970,
,,,6165.16747, -51.78970,
,,,6214.48881, -64.58970,
,,,6263.81015, -66.98970,
,,,6313.13149, -64.58970,
,,,6362.45283, -66.98970,
,,,6411.77417, -66.98970,
,,,6461.09551, -66.98970,
,,,6510.41685, -66.98970,
,,,6559.73819, -66.98970,
,,,6609.05953, -66.98970,
,,,6658.38087, -66.98970,
,,,6707.70221, -66.98970,
,,,6757.02355, -66.98970,
,,,6806.34489, -64.58970,
,,,6855.66623, -61.38970,
,,,6904.98757, -24.58970,
,,,6954.30891, -18.58970,
,,,7003.63025, -18.18970,
,,,7052.95159, -18.98970,
,,,7102.27293, -26.18970,
,,,7151.59427, -57.38970,
,,,7200.91561, -66.98970,
,,,7250.23695, -66.98970,
,,,7299.55829, -61.38970,
,,,7348.87963, -66.98970,
,,,7398.20097, -66.98970,
,,,7447.52231, -66.98970,
,,,7496.84365, -66.98970,
,,,7546.16499, -66.98970,
,,,7595.48633, -66.98970,
,,,7644.80767, -64.58970,
,,,7694.12901, -66.98970,
,,,7743.45035, -60.58970,
,,,7792.77169, -61.38970,
,,,7842.09303, -52.98970,
,,,7891.41437, -29.38970,
,,,7940.73571, -20.18970,
,,,7990.05705, -18.98970,
,,,8039.37839, -18.98970,
,,,8088.69973, -23.78970,
,,,8138.02107, -45.38970,
,,,8187.34241, -57.38970,
,,,8236.66375, -60.58970,
,,,8285.98509, -61.38970,
,,,8335.30643, -60.58970,
,,,8384.62777, -66.98970,
,,,8433.94911, -66.98970,
,,,8483.27045, -60.58970,
,,,8532.59179, -58.58970,
,,,8581.91313, -64.58970,
,,,8631.23447, -66.98970,
,,,8680.55581, -66.98970,
,,,8729.87715, -64.58970,
,,,8779.19849, -66.98970,
,,,8828.51983, -57.38970,
,,,8877.84117, -39.78970,
,,,8927.16251, -26.18970,
,,,8976.48385, -23.78970,
,,,9025.80519, -23.78970,
,,,9075.12653, -26.18970,
,,,9124.44787, -40.18970,
,,,9173.76921, -54.98970,
,,,9223.09055, -58.58970,
,,,9272.41189, -66.98970,
,,,9321.73323, -66.98970,
,,,9371.05457, -66.98970,
,,,9420.37591, -66.98970,
,,,9469.69725, -66.98970,
,,,9519.01859, -66.98970,
,,,9568.33993, -66.98970,
,,,9617.66127, -66.98970,
,,,9666.98261, -66.98970,
,,,9716.30395, -66.98970,
,,,9765.62529, -66.98970,
,,,9814.94663, -66.98970,
,,,9864.26797, -66.98970,
,,,9913.58931, -49.38970,
,,,9962.91065, -44.58970,
,,,10012.23199, -44.58970,
,,,10061.55333, -46.18970,
,,,10110.87467, -54.98970,
,,,10160.19601, -66.98970,
,,,10209.51735, -60.58970,
,,,10258.83869, -64.58970,
,,,10308.16003, -60.58970,
,,,10357.48137, -64.58970,
,,,10406.80271, -64.58970,
,,,10456.12405, -66.98970,
,,,10505.44539, -66.98970,
,,,10554.76673, -66.98970,
,,,10604.08807, -66.98970,
,,,10653.40941, -66.98970,
,,,10702.73075, -61.38970,
,,,10752.05209, -64.58970,
,,,10801.37343, -64.58970,
,,,10850.69477, -64.58970,
,,,10900.01611, -34.58970,
,,,10949.33745, -27.38970,
,,,10998.65879, -26.98970,
,,,11047.98013, -27.38970,
,,,11097.30147, -33.38970,
,,,11146.62281, -64.58970,
,,,11195.94415, -66.98970,
,,,11245.26549, -66.98970,
,,,11294.58683, -64.58970,
,,,11343.90817, -66.98970,
,,,11393.22951, -60.58970,
,,,11442.55085, -64.58970,
,,,11491.87219, -66.98970,
,,,11541.19353, -66.98970,
,,,11590.51487, -66.98970,
,,,11639.83621, -61.38970,
,,,11689.15755, -61.38970,
,,,11738.47889, -57.38970,
,,,11787.80023, -64.58970,
,,,11837.12157, -54.58970,
,,,11886.44291, -35.38970,
,,,11935.76425, -24.58970,
,,,11985.08559, -22.98970,
,,,12034.40693, -22.98970,
,,,12083.72827, -26.58970,
,,,12133.04961, -43.38970,
,,,12182.37095, -57.78970,
,,,12231.69229, -60.58970,
,,,12281.01363, -64.58970,
,,,12330.33497, -66.98970,
,,,12379.65631, -64.58970,
,,,12428.97765, -66.98970,
,,,12478.29899, -64.58970,
,,,12527.62033, -66.98970,
,,,12576.94167, -66.98970,
,,,12626.26301, -66.98970,
,,,12675.58435, -66.98970,
,,,12724.90569, -66.98970,
,,,12774.22703, -64.58970,
,,,12823.54837, -60.58970,
,,,12872.86971, -42.18970,
,,,12922.19105, -26.18970,
,,,12971.51239, -22.98970,
,,,13020.83373, -22.98970,
,,,13070.15507, -24.98970,
,,,13119.47641, -36.98970,
,,,13168.79775, -54.58970,
,,,13218.11909, -66.98970,
,,,13267.44043, -58.58970,
,,,13316.76177, -64.58970,
,,,13366.08311, -64.58970,
,,,13415.40445, -60.58970,
,,,13464.72579, -66.98970,
,,,13514.04713, -66.98970,
,,,13563.36847, -64.58970,
,,,13612.68981, -61.38970,
,,,13662.01115, -66.98970,
,,,13711.33249, -66.98970,
,,,13760.65383, -66.98970,
,,,13809.97517, -61.38970,
,,,13859.29651, -61.38970,
,,,13908.61785, -32.98970,
,,,13957.93919, -27.38970,
,,,14007.26053, -26.98970,
,,,14056.58187, -27.78970,
,,,14105.90321, -35.78970,
,,,14155.22455, -64.58970,
,,,14204.54589, -66.98970,
,,,14253.86723, -66.98970,
,,,14303.18857, -66.98970,
,,,14352.50991, -66.98970,
,,,14401.83125, -66.98970,
,,,14451.15259, -66.98970,
,,,14500.47393, -66.98970,
,,,14549.79527, -66.98970,
,,,14599.11661, -66.98970,
,,,14648.43795, -66.98970,
,,,14697.75929, -66.98970,
,,,14747.08063, -66.98970,
,,,14796.40197, -66.98970,
,,,14845.72331, -64.58970,
,,,14895.04465, -54.58970,
,,,14944.36599, -46.18970,
,,,14993.68733, -44.98970,
,,,15043.00867, -44.58970,
,,,15092.33001, -49.78970,
,,,15141.65135, -64.58970,
,,,15190.97269, -64.58970,
,,,15240.29403, -66.98970,
,,,15289.61537, -66.98970,
,,,15338.93671, -60.58970,
,,,15388.25805, -60.58970,
,,,15437.57939, -66.98970,
,,,15486.90073, -66.98970,
,,,15536.22207, -66.98970,
,,,15585.54341, -66.98970,
,,,15634.86475, -66.98970,
,,,15684.18609, -66.98970,
,,,15733.50743, -64.58970,
,,,15782.82877, -64.58970,
,,,15832.15011, -64.58970,
,,,15881.47145, -43.78970,
,,,15930.79279, -32.58970,
,,,15980.11413, -30.18970,
,,,16029.43547, -30.58970,
,,,16078.75681, -33.38970,
,,,16128.07815, -48.58970,
,,,16177.39949, -66.98970,
,,,16226.72083, -58.58970,
,,,16276.04217, -66.98970,
,,,16325.36351, -66.98970,
,,,16374.68485, -66.98970,
,,,16424.00619, -66.98970,
,,,16473.32753, -66.98970,
,,,16522.64887, -66.98970,
,,,16571.97021, -64.58970,
,,,16621.29155, -66.98970,
,,,16670.61289, -64.58970,
,,,16719.93423, -66.98970,
,,,16769.25557, -64.58970,
,,,16818.57691, -57.38970,
,,,16867.89825, -50.98970,
,,,16917.21959, -30.18970,
,,,16966.54093, -26.18970,
,,,17015.86227, -25.78970,
,,,17065.18361, -27.38970,
,,,17114.50495, -37.38970,
,,,17163.82629, -60.58970,
,,,17213.14763, -60.58970,
,,,17262.46897, -66.98970,
,,,17311.79031, -64.58970,
,,,17361.11165, -66.98970,
,,,17410.43299, -64.58970,
,,,17459.75433, -66.98970,
,,,17509.07567, -61.38970,
,,,17558.39701, -66.98970,
,,,17607.71835, -66.98970,
,,,17657.03969, -66.98970,
,,,17706.36103, -66.98970,
,,,17755.68237, -66.98970,
,,,17805.00371, -66.98970,
,,,17854.32505, -64.58970,
,,,17903.64639, -32.58970,
,,,17952.96773, -26.18970,
,,,18002.28907, -25.38970,
,,,18051.61041, -26.18970,
,,,18100.93175, -32.98970,
,,,18150.25309, -60.58970,
,,,18199.57443, -66.98970,
,,,18248.89577, -66.98970,
,,,18298.21711, -66.98970,
,,,18347.53845, -66.98970,
,,,18396.85979, -66.98970,
,,,18446.18113, -64.58970,
,,,18495.50247, -66.98970,
,,,18544.82381, -66.98970,
,,,18594.14515, -64.58970,
,,,18643.46649, -64.58970,
,,,18692.78783, -61.38970,
,,,18742.10917, -66.98970,
,,,18791.43051, -64.58970,
,,,18840.75185, -58.58970,
,,,18890.07319, -40.58970,
,,,18939.39453, -30.58970,
,,,18988.71587, -28.98970,
,,,19038.03721, -29.38970,
,,,19087.35855, -33.38970,
,,,19136.67989, -54.58970,
,,,19186.00123, -64.58970,
,,,19235.32257, -66.98970,
,,,19284.64391, -66.98970,
,,,19333.96525, -64.58970,
,,,19383.28659, -60.58970,
,,,19432.60793, -66.98970,
,,,19481.92927, -66.98970,
,,,19531.25061, -66.98970,
,,,19580.57195, -66.98970,
,,,19629.89329, -66.98970,
,,,19679.21463, -66.98970,
,,,19728.53597, -66.98970,
,,,19777.85731, -64.58970,
,,,19827.17865, -66.98970,
,,,19876.49999, -64.58970,
,,,19925.82133, -47.38970,
,,,19975.14267, -45.38970,
,,,20024.46401, -44.58970,
,,,20073.78535, -47.38970,
,,,20123.10669, -57.38970,
,,,20172.42803, -66.98970,
,,,20221.74937, -66.98970,
,,,20271.07071, -64.58970,
,,,20320.39205, -66.98970,
,,,20369.71339, -66.98970,
,,,20419.03473, -66.98970,
,,,20468.35607, -66.98970,
,,,20517.67741, -66.98970,
,,,20566.99875, -66.98970,
,,,20616.32009, -66.98970,
,,,20665.64143, -66.98970,
,,,20714.96277, -66.98970,
,,,20764.28411, -66.98970,
,,,20813.60545, -64.58970,
,,,20862.92679, -64.58970,
,,,20912.24813, -38.18970,
,,,20961.56947, -33.38970,
,,,21010.89081, -32.98970,
,,,21060.21215, -34.18970,
,,,21109.53349, -42.58970,
,,,21158.85483, -66.98970,
,,,21208.17617, -66.98970,
,,,21257.49751, -66.98970,
,,,21306.81885, -66.98970,
,,,21356.14019, -66.98970,
,,,21405.46153, -66.98970,
,,,21454.78287, -66.98970,
,,,21504.10421, -64.58970,
,,,21553.42555, -66.98970,
,,,21602.74689, -66.98970,
,,,21652.06823, -66.98970,
,,,21701.38957, -66.98970,
,,,21750.71091, -66.98970,
,,,21800.03225, -66.98970,
,,,21849.35359, -60.58970,
,,,21898.67493, -36.18970,
,,,21947.99627, -28.58970,
,,,21997.31761, -27.78970,
,,,22046.63895, -28.18970,
,,,22095.96029, -33.78970,
,,,22145.28163, -64.58970,
,,,22194.60297, -66.98970,
,,,22243.92431, -64.58970,
,,,22293.24565, -64.58970,
,,,22342.56699, -66.98970,
,,,22391.88833, -66.98970,
,,,22441.20967, -66.98970,
,,,22490.53101, -64.58970,
,,,22539.85235, -60.58970,
,,,22589.17369, -64.58970,
,,,22638.49503, -66.98970,
,,,22687.81637, -66.98970,
,,,22737.13771, -66.98970,
,,,22786.45905, -64.58970,
,,,22835.78039, -58.58970,
,,,22885.10173, -40.98970,
,,,22934.42307, -29.38970,
,,,22983.74441, -27.38970,
,,,23033.06575, -27.78970,
,,,23082.38709, -30.98970,
,,,23131.70843, -48.18970,
,,,23181.02977, -58.58970,
,,,23230.35111, -66.98970,
,,,23279.67245, -66.98970,
,,,23328.99379, -64.58970,
,,,23378.31513, -66.98970,
,,,23427.63647, -61.38970,
,,,23476.95781, -66.98970,
,,,23526.27915, -64.58970,
,,,23575.60049, -66.98970,
,,,23624.92183, -66.98970,
,,,23674.24317, -64.58970,
,,,23723.56451, -66.98970,
,,,23772.88585, -66.98970,
,,,23822.20719, -60.58970,
,,,23871.52853, -52.58970,
,,,23920.84987, -34.58970,
,,,23970.17121, -30.98970,
,,,24019.49255, -30.58970,
,,,24068.81389, -32.58970,
,,,24118.13523, -44.58970,
,,,24167.45657, -56.18970,
,,,24216.77791, -64.58970,
,,,24266.09925, -66.98970,
,,,24315.42059, -66.98970,
,,,24364.74193, -66.98970,
,,,24414.06327, -66.98970,
,,,24463.38461, -66.98970,
,,,24512.70595, -64.58970,
,,,24562.02729, -64.58970,
,,,24611.34863, -61.38970,
,,,24660.66997, -64.58970,
,,,24709.99131, -66.98970,
,,,24759.31265, -66.98970,
,,,24808.63399, -66.98970,
,,,24857.95533, -66.98970,
,,,24907.27667, -48.98970,
,,,24956.59801, -44.58970,
,,,25005.91935, -44.18970,
,,,25055.24069, -44.58970,
,,,25104.56203, -52.58970,
,,,25153.88337, -66.98970,
,,,25203.20471, -66.98970,
,,,25252.52605, -66.98970,
,,,25301.84739, -66.98970,
,,,25351.16873, -64.58970,
,,,25400.49007, -60.58970,
,,,25449.81141, -64.58970,
,,,25499.13275, -66.98970,
,,,25548.45409, -66.98970,
,,,25597.77543, -66.98970,
,,,25647.09677, -66.98970,
,,,25696.41811, -64.58970,
,,,25745.73945, -61.38970,
,,,25795.06079, -66.98970,
,,,25844.38213, -64.58970,
,,,25893.70347, -46.18970,
,,,25943.02481, -36.58970,
,,,25992.34615, -35.38970,
,,,26041.66749, -34.98970,
,,,26090.98883, -39.38970,
,,,26140.31017, -58.58970,
,,,26189.63151, -66.98970,
,,,26238.95285, -64.58970,
,,,26288.27419, -64.58970,
,,,26337.59553, -64.58970,
,,,26386.91687, -66.98970,
,,,26436.23821, -66.98970,
,,,26485.55955, -64.58970,
,,,26534.88089, -66.98970,
,,,26584.20223, -66.98970,
,,,26633.52357, -61.38970,
,,,26682.84491, -60.58970,
,,,26732.16625, -66.98970,
,,,26781.48759, -60.58970,
,,,26830.80893, -66.98970,
,,,26880.13027, -43.78970,
,,,26929.45161, -31.78970,
,,,26978.77295, -29.38970,
,,,27028.09429, -29.38970,
,,,27077.41563, -31.78970,
,,,27126.73697, -44.98970,
,,,27176.05831, -66.98970,
,,,27225.37965, -61.38970,
,,,27274.70099, -66.98970,
,,,27324.02233, -66.98970,
,,,27373.34367, -66.98970,
,,,27422.66501, -61.38970,
,,,27471.98635, -60.58970,
,,,27521.30769, -64.58970,
,,,27570.62903, -66.98970,
,,,27619.95037, -64.58970,
,,,27669.27171, -64.58970,
,,,27718.59305, -60.58970,
,,,27767.91439, -64.58970,
,,,27817.23573, -66.98970,
,,,27866.55707, -52.18970,
,,,27915.87841, -32.98970,
,,,27965.19975, -28.98970,
,,,28014.52109, -28.58970,
,,,28063.84243, -29.78970,
,,,28113.16377, -38.98970,
,,,28162.48511, -66.98970,
,,,28211.80645, -66.98970,
,,,28261.12779, -66.98970,
,,,28310.44913, -66.98970,
,,,28359.77047, -66.98970,
,,,28409.09181, -66.98970,
,,,28458.41315, -66.98970,
,,,28507.73449, -64.58970,
,,,28557.05583, -61.38970,
,,,28606.37717, -66.98970,
,,,28655.69851, -66.98970,
,,,28705.01985, -66.98970,
,,,28754.34119, -66.98970,
,,,28803.66253, -66.98970,
,,,28852.98387, -61.38970,
,,,28902.30521, -39.38970,
,,,28951.62655, -32.18970,
,,,29000.94789, -31.78970,
,,,29050.26923, -32.18970,
,,,29099.59057, -37.78970,
,,,29148.91191, -64.58970,
,,,29198.23325, -66.98970,
,,,29247.55459, -64.58970,
,,,29296.87593, -66.98970,
,,,29346.19727, -66.98970,
,,,29395.51861, -66.98970,
,,,29444.83995, -66.98970,
,,,29494.16129, -66.98970,
,,,29543.48263, -66.98970,
,,,29592.80397, -64.58970,
,,,29642.12531, -66.98970,
,,,29691.44665, -66.98970,
,,,29740.76799, -60.58970,
,,,29790.08933, -64.58970,
,,,29839.41067, -64.58970,
,,,29888.73201, -56.18970,
,,,29938.05335, -44.98970,
,,,29987.37469, -43.78970,
,,,30036.69603, -43.78970,
,,,30086.01737, -47.78970,
,,,30135.33871, -66.98970,
,,,30184.66005, -66.98970,
,,,30233.98139, -66.98970,
,,,30283.30273, -66.98970,
,,,30332.62407, -64.58970,
,,,30381.94541, -64.58970,
,,,30431.26675, -64.58970,
,,,30480.58809, -66.98970,
,,,30529.90943, -66.98970,
,,,30579.23077, -66.98970,
,,,30628.55211, -66.98970,
,,,30677.87345, -66.98970,
,,,30727.19479, -66.98970,
,,,30776.51613, -64.58970,
,,,30825.83747, -66.98970,
,,,30875.15881, -54.58970,
,,,30924.48015, -39.78970,
,,,30973.80149, -36.98970,
,,,31023.12283, -36.98970,
,,,31072.44417, -38.98970,
,,,31121.76551, -50.98970,
,,,31171.08685, -66.98970,
,,,31220.40819, -64.58970,
,,,31269.72953, -64.58970,
,,,31319.05087, -66.98970,
,,,31368.37221, -61.38970,
,,,31417.69355, -64.58970,
,,,31467.01489, -66.98970,
,,,31516.33623, -64.58970,
,,,31565.65757, -64.58970,
,,,31614.97891, -66.98970,
,,,31664.30025, -66.98970,
,,,31713.62159, -64.58970,
,,,31762.94293, -66.98970,
,,,31812.26427, -64.58970,
,,,31861.58561, -66.98970,
,,,31910.90695, -36.18970,
,,,31960.22829, -30.98970,
,,,32009.54963, -30.98970,
,,,32058.87097, -31.38970,
,,,32108.19231, -39.78970,
,,,32157.51365, -66.98970,
,,,32206.83499, -66.98970,
,,,32256.15633, -66.98970,
,,,32305.47767, -66.98970,
,,,32354.79901, -64.58970,
,,,32404.12035, -64.58970,
,,,32453.44169, -60.58970,
,,,32502.76303, -61.38970,
,,,32552.08437, -64.58970,
,,,32601.40571, -66.98970,
,,,32650.72705, -66.98970,
,,,32700.04839, -66.98970,
,,,32749.36973, -66.98970,
,,,32798.69107, -66.98970,
,,,32848.01241, -66.98970,
,,,32897.33375, -38.58970,
,,,32946.65509, -30.58970,
,,,32995.97643, -29.78970,
,,,33045.29777, -29.78970,
,,,33094.61911, -34.98970,
,,,33143.94045, -60.58970,
,,,33193.26179, -64.58970,
,,,33242.58313, -64.58970,
,,,33291.90447, -61.38970,
,,,33341.22581, -58.58970,
,,,33390.54715, -64.58970,
,,,33439.86849, -66.98970,
,,,33489.18983, -66.98970,
,,,33538.51117, -66.98970,
,,,33587.83251, -60.58970,
,,,33637.15385, -61.38970,
,,,33686.47519, -61.38970,
,,,33735.79653, -64.58970,
,,,33785.11787, -60.58970,
,,,33834.43921, -66.98970,
,,,33883.76055, -46.18970,
,,,33933.08189, -34.18970,
,,,33982.40323, -32.18970,
,,,34031.72457, -32.18970,
,,,34081.04591, -34.98970,
,,,34130.36725, -50.18970,
,,,34179.68859, -66.98970,
,,,34229.00993, -66.98970,
,,,34278.33127, -66.98970,
,,,34327.65261, -66.98970,
,,,34376.97395, -66.98970,
,,,34426.29529, -66.98970,
,,,34475.61663, -66.98970,
,,,34524.93797, -66.98970,
,,,34574.25931, -66.98970,
,,,34623.58065, -66.98970,
,,,34672.90199, -64.58970,
,,,34722.22333, -60.58970,
,,,34771.54467, -61.38970,
,,,34820.86601, -60.58970,
,,,34870.18735, -58.58970,
,,,34919.50869, -46.58970,
,,,34968.83003, -43.78970,
,,,35018.15137, -42.98970,
,,,35067.47271, -44.58970,
,,,35116.79405, -53.38970,
,,,35166.11539, -66.98970,
,,,35215.43673, -64.58970,
,,,35264.75807, -66.98970,
,,,35314.07941, -60.58970,
,,,35363.40075, -64.58970,
,,,35412.72209, -66.98970,
,,,35462.04343, -66.98970,
,,,35511.36477, -64.58970,
,,,35560.68611, -66.98970,
,,,35610.00745, -66.98970,
,,,35659.32879, -66.98970,
,,,35708.65013, -66.98970,
,,,35757.97147, -64.58970,
,,,35807.29281, -66.98970,
,,,35856.61415, -66.98970,
,,,35905.93549, -46.18970,
,,,35955.25683, -38.58970,
,,,36004.57817, -38.18970,
,,,36053.89951, -38.58970,
,,,36103.22085, -44.98970,
,,,36152.54219, -64.58970,
,,,36201.86353, -64.58970,
,,,36251.18487, -66.98970,
,,,36300.50621, -60.58970,
,,,36349.82755, -60.58970,
,,,36399.14889, -61.38970,
,,,36448.47023, -66.98970,
,,,36497.79157, -66.98970,
,,,36547.11291, -61.38970,
,,,36596.43425, -66.98970,
,,,36645.75559, -66.98970,
,,,36695.07693, -66.98970,
,,,36744.39827, -66.98970,
,,,36793.71961, -66.98970,
,,,36843.04095, -60.58970,
,,,36892.36229, -42.58970,
,,,36941.68363, -32.98970,
,,,36991.00497, -31.78970,
,,,37040.32631, -31.78970,
,,,37089.64765, -36.18970,
,,,37138.96899, -57.78970,
,,,37188.29033, -61.38970,
,,,37237.61167, -64.58970,
,,,37286.93301, -66.98970,
,,,37336.25435, -66.98970,
,,,37385.57569, -66.98970,
,,,37434.89703, -61.38970,
,,,37484.21837, -66.98970,
,,,37533.53971, -64.58970,
,,,37582.86105, -66.98970,
,,,37632.18239, -64.58970,
,,,37681.50373, -66.98970,
,,,37730.82507, -61.38970,
,,,37780.14641, -64.58970,
,,,37829.46775, -57.38970,
,,,37878.78909, -47.78970,
,,,37928.11043, -32.98970,
,,,37977.43177, -30.18970,
,,,38026.75311, -30.18970,
,,,38076.07445, -32.58970,
,,,38125.39579, -45.78970,
,,,38174.71713, -61.38970,
,,,38224.03847, -64.58970,
,,,38273.35981, -66.98970,
,,,38322.68115, -66.98970,
,,,38372.00249, -66.98970,
,,,38421.32383, -66.98970,
,,,38470.64517, -66.98970,
,,,38519.96651, -66.98970,
,,,38569.28785, -66.98970,
,,,38618.60919, -64.58970,
,,,38667.93053, -60.58970,
,,,38717.25187, -64.58970,
,,,38766.57321, -66.98970,
,,,38815.89455, -66.98970,
,,,38865.21589, -64.58970,
,,,38914.53723, -37.78970,
,,,38963.85857, -32.98970,
,,,39013.17991, -32.58970,
,,,39062.50125, -33.78970,
,,,39111.82259, -43.38970,
,,,39161.14393, -60.58970,
,,,39210.46527, -66.98970,
,,,39259.78661, -66.98970,
,,,39309.10795, -66.98970,
,,,39358.42929, -66.98970,
,,,39407.75063, -64.58970,
,,,39457.07197, -66.98970,
,,,39506.39331, -64.58970,
,,,39555.71465, -66.98970,
,,,39605.03599, -66.98970,
,,,39654.35733, -66.98970,
,,,39703.67867, -66.98970,
,,,39753.00001, -66.98970,
,,,39802.32135, -66.98970,
,,,39851.64269, -66.98970,
,,,39900.96403, -51.38970,
,,,39950.28537, -43.38970,
,,,39999.60671, -42.18970,
,,,40048.92805, -42.18970,
,,,40098.24939, -48.98970,
,,,40147.57073, -66.98970,
,,,40196.89207, -66.98970,
,,,40246.21341, -61.38970,
,,,40295.53475, -64.58970,
,,,40344.85609, -61.38970,
,,,40394.17743, -66.98970,
,,,40443.49877, -60.58970,
,,,40492.82011, -60.58970,
,,,40542.14145, -61.38970,
,,,40591.46279, -64.58970,
,,,40640.78413, -66.98970,
,,,40690.10547, -66.98970,
,,,40739.42681, -66.98970,
,,,40788.74815, -66.98970,
,,,40838.06949, -64.58970,
,,,40887.39083, -52.98970,
,,,40936.71217, -40.98970,
,,,40986.03351, -38.98970,
,,,41035.35485, -38.98970,
,,,41084.67619, -42.58970,
,,,41133.99753, -60.58970,
,,,41183.31887, -66.98970,
,,,41232.64021, -66.98970,
,,,41281.96155, -64.58970,
,,,41331.28289, -61.38970,
,,,41380.60423, -60.58970,
,,,41429.92557, -64.58970,
,,,41479.24691, -66.98970,
,,,41528.56825, -66.98970,
,,,41577.88959, -66.98970,
,,,41627.21093, -66.98970,
,,,41676.53227, -66.98970,
,,,41725.85361, -66.98970,
,,,41775.17495, -64.58970,
,,,41824.49629, -66.98970,
,,,41873.81763, -54.58970,
,,,41923.13897, -36.18970,
,,,41972.46031, -32.18970,
,,,42021.78165, -32.18970,
,,,42071.10299, -33.78970,
,,,42120.42433, -44.58970,
,,,42169.74567, -64.58970,
,,,42219.06701, -64.58970,
,,,42268.38835, -64.58970,
,,,42317.70969, -66.98970,
,,,42367.03103, -66.98970,
,,,42416.35237, -66.98970,
,,,42465.67371, -66.98970,
,,,42514.99505, -66.98970,
,,,42564.31639, -61.38970,
,,,42613.63773, -60.58970,
,,,42662.95907, -64.58970,
,,,42712.28041, -64.58970,
,,,42761.60175, -64.58970,
,,,42810.92309, -64.58970,
,,,42860.24443, -66.98970,
,,,42909.56577, -36.98970,
,,,42958.88711, -31.38970,
,,,43008.20845, -30.58970,
,,,43057.52979, -31.38970,
,,,43106.85113, -38.58970,
,,,43156.17247, -66.98970,
,,,43205.49381, -64.58970,
,,,43254.81515, -64.58970,
,,,43304.13649, -66.98970,
,,,43353.45783, -64.58970,
,,,43402.77917, -66.98970,
,,,43452.10051, -66.98970,
,,,43501.42185, -66.98970,
,,,43550.74319, -64.58970,
,,,43600.06453, -64.58970,
,,,43649.38587, -66.98970,
,,,43698.70721, -66.98970,
,,,43748.02855, -66.98970,
,,,43797.34989, -66.98970,
,,,43846.67123, -66.98970,
,,,43895.99257, -42.18970,
,,,43945.31391, -33.78970,
,,,43994.63525, -32.98970,
,,,44043.95659, -32.98970,
,,,44093.27793, -37.78970,
,,,44142.59927, -57.78970,
,,,44191.92061, -66.98970,
,,,44241.24195, -66.98970,
,,,44290.56329, -66.98970,
,,,44339.88463, -66.98970,
,,,44389.20597, -64.58970,
,,,44438.52731, -66.98970,
,,,44487.84865, -66.98970,
,,,44537.16999, -66.98970,
,,,44586.49133, -66.98970,
,,,44635.81267, -66.98970,
,,,44685.13401, -66.98970,
,,,44734.45535, -66.98970,
,,,44783.77669, -66.98970,
,,,44833.09803, -64.58970,
,,,44882.41937, -58.58970,
,,,44931.74071, -44.58970,
,,,44981.06205, -42.18970,
,,,45030.38339, -42.18970,
,,,45079.70473, -44.58970,
,,,45129.02607, -57.78970,
,,,45178.34741, -66.98970,
,,,45227.66875, -66.98970,
,,,45276.99009, -66.98970,
,,,45326.31143, -66.98970,
,,,45375.63277, -66.98970,
,,,45424.95411, -66.98970,
,,,45474.27545, -66.98970,
,,,45523.59679, -66.98970,
,,,45572.91813, -66.98970,
,,,45622.23947, -61.38970,
,,,45671.56081, -66.98970,
,,,45720.88215, -60.58970,
,,,45770.20349, -64.58970,
,,,45819.52483, -64.58970,
,,,45868.84617, -61.38970,
,,,45918.16751, -44.98970,
,,,45967.48885, -40.58970,
,,,46016.81019, -40.58970,
,,,46066.13153, -41.78970,
,,,46115.45287, -50.58970,
,,,46164.77421, -66.98970,
,,,46214.09555, -66.98970,
,,,46263.41689, -66.98970,
,,,46312.73823, -66.98970,
,,,46362.05957, -66.98970,
,,,46411.38091, -64.58970,
,,,46460.70225, -66.98970,
,,,46510.02359, -66.98970,
,,,46559.34493, -66.98970,
,,,46608.66627, -66.98970,
,,,46657.98761, -66.98970,
,,,46707.30895, -66.98970,
,,,46756.63029, -66.98970,
,,,46805.95163, -64.58970,
,,,46855.27297, -64.58970,
,,,46904.59431, -40.18970,
,,,46953.91565, -33.38970,
,,,47003.23699, -32.58970,
,,,47052.55833, -32.98970,
,,,47101.87967, -38.98970,
,,,47151.20101, -60.58970,
,,,47200.52235, -64.58970,
,,,47249.84369, -66.98970,
,,,47299.16503, -66.98970,
,,,47348.48637, -66.98970,
,,,47397.80771, -66.98970,
,,,47447.12905, -66.98970,
,,,47496.45039, -66.98970,
,,,47545.77173, -66.98970,
,,,47595.09307, -61.38970,
,,,47644.41441, -61.38970,
,,,47693.73575, -64.58970,
,,,47743.05709, -61.38970,
,,,47792.37843, -66.98970,
,,,47841.69977, -61.38970,
,,,47891.02111, -42.98970,
,,,47940.34245, -32.58970,
,,,47989.66379, -30.98970,
,,,48038.98513, -30.98970,
,,,48088.30647, -34.58970,
,,,48137.62781, -51.78970,
,,,48186.94915, -64.58970,
,,,48236.27049, -66.98970,
,,,48285.59183, -66.98970,
,,,48334.91317, -66.98970,
,,,48384.23451, -66.98970,
,,,48433.55585, -66.98970,
,,,48482.87719, -66.98970,
,,,48532.19853, -66.98970,
,,,48581.51987, -66.98970,
,,,48630.84121, -66.98970,
,,,48680.16255, -64.58970,
,,,48729.48389, -61.38970,
,,,48778.80523, -66.98970,
,,,48828.12657, -61.38970,
,,,48877.44791, -50.58970,
,,,48926.76925, -35.78970,
,,,48976.09059, -32.98970,
,,,49025.41193, -32.98970,
,,,49074.73327, -34.98970,
,,,49124.05461, -47.38970,
,,,49173.37595, -60.58970,
,,,49222.69729, -66.98970,
,,,49272.01863, -66.98970,
,,,49321.33997, -66.98970,
,,,49370.66131, -66.98970,
,,,49419.98265, -66.98970,
,,,49469.30399, -66.98970,
,,,49518.62533, -66.98970,
,,,49567.94667, -66.98970,
,,,49617.26801, -66.98970,
,,,49666.58935, -64.58970,
,,,49715.91069, -66.98970,
,,,49765.23203, -64.58970,
,,,49814.55337, -61.38970,
,,,49863.87471, -66.98970,
,,,49913.19605, -47.38970,
,,,49962.51739, -41.38970,
,,,50011.83873, -40.98970,
,,,50061.16007, -42.18970,
,,,50110.48141, -51.78970,
,,,50159.80275, -66.98970,
,,,50209.12409, -61.38970,
,,,50258.44543, -64.58970,
,,,50307.76677, -66.98970,
,,,50357.08811, -66.98970,
,,,50406.40945, -66.98970,
,,,50455.73079, -66.98970,
