Record Length,2.500000e+03,,   0.000003800000,   0.37600,
Sample Interval,2.000000e-08,,   0.000003820000,   0.37600,
Trigger Point,-1.900000000000e+02,,   0.000003840000,   0.38400,
,,,   0.000003860000,   0.38400,
,,,   0.000003880000,   0.39200,
,,,   0.000003900000,   0.39200,
Source,CH1,,   0.000003920000,   0.39200,
Vertical Units,V,,   0.000003940000,   0.40000,
Vertical Scale,2.000000e-01,,   0.000003960000,   0.40800,
Vertical Offset,-1.200000e+00,,   0.000003980000,   0.40800,
Horizontal Units,s,,   0.000004000000,   0.41600,
Horizontal Scale,5.000000e-06,,   0.000004020000,   0.41600,
Pt Fmt,Y,,   0.000004040000,   0.42400,
Yzero,0.000000e+00,,   0.000004060000,   0.42400,
Probe Atten,1.000000e+01,,   0.000004080000,   0.43200,
Model Number,TBS1072B-EDU,,   0.000004100000,   0.43200,
Serial Number,C012918,,   0.000004120000,   0.44000,
Firmware Version,FV:v4.06,,   0.000004140000,   0.44000,
,,,0.000004160000,   0.44800,
,,,0.000004180000,   0.44800,
,,,0.000004200000,   0.45600,
,,,0.000004220000,   0.45600,
,,,0.000004240000,   0.46400,
,,,0.000004260000,   0.46400,
,,,0.000004280000,   0.47200,
,,,0.000004300000,   0.48000,
,,,0.000004320000,   0.48000,
,,,0.000004340000,   0.48000,
,,,0.000004360000,   0.48800,
,,,0.000004380000,   0.48800,
,,,0.000004400000,   0.49600,
,,,0.000004420000,   0.49600,
,,,0.000004440000,   0.50400,
,,,0.000004460000,   0.50400,
,,,0.000004480000,   0.51200,
,,,0.000004500000,   0.51200,
,,,0.000004520000,   0.52000,
,,,0.000004540000,   0.52800,
,,,0.000004560000,   0.52800,
,,,0.000004580000,   0.52800,
,,,0.000004600000,   0.53600,
,,,0.000004620000,   0.54400,
,,,0.000004640000,   0.55200,
,,,0.000004660000,   0.55200,
,,,0.000004680000,   0.55200,
,,,0.000004700000,   0.56000,
,,,0.000004720000,   0.56000,
,,,0.000004740000,   0.56800,
,,,0.000004760000,   0.56800,
,,,0.000004780000,   0.57600,
,,,0.000004800000,   0.58400,
,,,0.000004820000,   0.58400,
,,,0.000004840000,   0.59200,
,,,0.000004860000,   0.59200,
,,,0.000004880000,   0.60000,
,,,0.000004900000,   0.60800,
,,,0.000004920000,   0.60800,
,,,0.000004940000,   0.60800,
,,,0.000004960000,   0.61600,
,,,0.000004980000,   0.62400,
,,,0.000005000000,   0.62400,
,,,0.000005020000,   0.63200,
,,,0.000005040000,   0.63200,
,,,0.000005060000,   0.64000,
,,,0.000005080000,   0.64800,
,,,0.000005100000,   0.64800,
,,,0.000005120000,   0.65600,
,,,0.000005140000,   0.65600,
,,,0.000005160000,   0.66400,
,,,0.000005180000,   0.66400,
,,,0.000005200000,   0.67200,
,,,0.000005220000,   0.67200,
,,,0.000005240000,   0.68000,
,,,0.000005260000,   0.68000,
,,,0.000005280000,   0.68800,
,,,0.000005300000,   0.69600,
,,,0.000005320000,   0.69600,
,,,0.000005340000,   0.70400,
,,,0.000005360000,   0.71200,
,,,0.000005380000,   0.71200,
,,,0.000005400000,   0.72000,
,,,0.000005420000,   0.72000,
,,,0.000005440000,   0.72800,
,,,0.000005460000,   0.72800,
,,,0.000005480000,   0.73600,
,,,0.000005500000,   0.73600,
,,,0.000005520000,   0.74400,
,,,0.000005540000,   0.75200,
,,,0.000005560000,   0.75200,
,,,0.000005580000,   0.76000,
,,,0.000005600000,   0.76000,
,,,0.000005620000,   0.76800,
,,,0.000005640000,   0.76800,
,,,0.000005660000,   0.77600,
,,,0.000005680000,   0.78400,
,,,0.000005700000,   0.78400,
,,,0.000005720000,   0.79200,
,,,0.000005740000,   0.79200,
,,,0.000005760000,   0.80000,
,,,0.000005780000,   0.80800,
,,,0.000005800000,   0.80800,
,,,0.000005820000,   0.81600,
,,,0.000005840000,   0.82400,
,,,0.000005860000,   0.82400,
,,,0.000005880000,   0.83200,
,,,0.000005900000,   0.83200,
,,,0.000005920000,   0.84000,
,,,0.000005940000,   0.84000,
,,,0.000005960000,   0.84800,
,,,0.000005980000,   0.84800,
,,,0.000006000000,   0.85600,
,,,0.000006020000,   0.86400,
,,,0.000006040000,   0.86400,
,,,0.000006060000,   0.87200,
,,,0.000006080000,   0.87200,
,,,0.000006100000,   0.88000,
,,,0.000006120000,   0.88000,
,,,0.000006140000,   0.88800,
,,,0.000006160000,   0.89600,
,,,0.000006180000,   0.89600,
,,,0.000006200000,   0.90400,
,,,0.000006220000,   0.90400,
,,,0.000006240000,   0.91200,
,,,0.000006260000,   0.92000,
,,,0.000006280000,   0.92000,
,,,0.000006300000,   0.92800,
,,,0.000006320000,   0.92800,
,,,0.000006340000,   0.93600,
,,,0.000006360000,   0.94400,
,,,0.000006380000,   0.94400,
,,,0.000006400000,   0.95200,
,,,0.000006420000,   0.95200,
,,,0.000006440000,   0.96000,
,,,0.000006460000,   0.96800,
,,,0.000006480000,   0.96800,
,,,0.000006500000,   0.97600,
,,,0.000006520000,   0.97600,
,,,0.000006540000,   0.98400,
,,,0.000006560000,   0.99200,
,,,0.000006580000,   0.99200,
,,,0.000006600000,   1.00000,
,,,0.000006620000,   1.00000,
,,,0.000006640000,   1.00800,
,,,0.000006660000,   1.00800,
,,,0.000006680000,   1.01600,
,,,0.000006700000,   1.02400,
,,,0.000006720000,   1.02400,
,,,0.000006740000,   1.03200,
,,,0.000006760000,   1.03200,
,,,0.000006780000,   1.04000,
,,,0.000006800000,   1.04800,
,,,0.000006820000,   1.04800,
,,,0.000006840000,   1.05600,
,,,0.000006860000,   1.05600,
,,,0.000006880000,   1.06400,
,,,0.000006900000,   1.06400,
,,,0.000006920000,   1.07200,
,,,0.000006940000,   1.08000,
,,,0.000006960000,   1.08000,
,,,0.000006980000,   1.08800,
,,,0.000007000000,   1.08800,
,,,0.000007020000,   1.09600,
,,,0.000007040000,   1.10400,
,,,0.000007060000,   1.10400,
,,,0.000007080000,   1.11200,
,,,0.000007100000,   1.11200,
,,,0.000007120000,   1.12000,
,,,0.000007140000,   1.12000,
,,,0.000007160000,   1.12800,
,,,0.000007180000,   1.12800,
,,,0.000007200000,   1.13600,
,,,0.000007220000,   1.14400,
,,,0.000007240000,   1.14400,
,,,0.000007260000,   1.15200,
,,,0.000007280000,   1.15200,
,,,0.000007300000,   1.16000,
,,,0.000007320000,   1.16000,
,,,0.000007340000,   1.16800,
,,,0.000007360000,   1.17600,
,,,0.000007380000,   1.17600,
,,,0.000007400000,   1.18400,
,,,0.000007420000,   1.18400,
,,,0.000007440000,   1.19200,
,,,0.000007460000,   1.20000,
,,,0.000007480000,   1.20000,
,,,0.000007500000,   1.20800,
,,,0.000007520000,   1.20800,
,,,0.000007540000,   1.21600,
,,,0.000007560000,   1.21600,
,,,0.000007580000,   1.22400,
,,,0.000007600000,   1.22400,
,,,0.000007620000,   1.23200,
,,,0.000007640000,   1.24000,
,,,0.000007660000,   1.24000,
,,,0.000007680000,   1.24000,
,,,0.000007700000,   1.24800,
,,,0.000007720000,   1.25600,
,,,0.000007740000,   1.25600,
,,,0.000007760000,   1.25600,
,,,0.000007780000,   1.26400,
,,,0.000007800000,   1.26400,
,,,0.000007820000,   1.27200,
,,,0.000007840000,   1.28000,
,,,0.000007860000,   1.28000,
,,,0.000007880000,   1.28800,
,,,0.000007900000,   1.28800,
,,,0.000007920000,   1.29600,
,,,0.000007940000,   1.29600,
,,,0.000007960000,   1.30400,
,,,0.000007980000,   1.31200,
,,,0.000008000000,   1.31200,
,,,0.000008020000,   1.31200,
,,,0.000008040000,   1.32000,
,,,0.000008060000,   1.32800,
,,,0.000008080000,   1.32800,
,,,0.000008100000,   1.33600,
,,,0.000008120000,   1.33600,
,,,0.000008140000,   1.34400,
,,,0.000008160000,   1.34400,
,,,0.000008180000,   1.34400,
,,,0.000008200000,   1.35200,
,,,0.000008220000,   1.36000,
,,,0.000008240000,   1.36000,
,,,0.000008260000,   1.36800,
,,,0.000008280000,   1.36800,
,,,0.000008300000,   1.37600,
,,,0.000008320000,   1.37600,
,,,0.000008340000,   1.38400,
,,,0.000008360000,   1.38400,
,,,0.000008380000,   1.39200,
,,,0.000008400000,   1.39200,
,,,0.000008420000,   1.40000,
,,,0.000008440000,   1.40000,
,,,0.000008460000,   1.40000,
,,,0.000008480000,   1.40800,
,,,0.000008500000,   1.41600,
,,,0.000008520000,   1.41600,
,,,0.000008540000,   1.42400,
,,,0.000008560000,   1.42400,
,,,0.000008580000,   1.42400,
,,,0.000008600000,   1.43200,
,,,0.000008620000,   1.43200,
,,,0.000008640000,   1.44000,
,,,0.000008660000,   1.44000,
,,,0.000008680000,   1.44800,
,,,0.000008700000,   1.44800,
,,,0.000008720000,   1.45600,
,,,0.000008740000,   1.45600,
,,,0.000008760000,   1.46400,
,,,0.000008780000,   1.46400,
,,,0.000008800000,   1.47200,
,,,0.000008820000,   1.47200,
,,,0.000008840000,   1.48000,
,,,0.000008860000,   1.48000,
,,,0.000008880000,   1.48000,
,,,0.000008900000,   1.48800,
,,,0.000008920000,   1.49600,
,,,0.000008940000,   1.49600,
,,,0.000008960000,   1.49600,
,,,0.000008980000,   1.50400,
,,,0.000009000000,   1.50400,
,,,0.000009020000,   1.51200,
,,,0.000009040000,   1.51200,
,,,0.000009060000,   1.51200,
,,,0.000009080000,   1.52000,
,,,0.000009100000,   1.52800,
,,,0.000009120000,   1.52800,
,,,0.000009140000,   1.52800,
,,,0.000009160000,   1.53600,
,,,0.000009180000,   1.53600,
,,,0.000009200000,   1.54400,
,,,0.000009220000,   1.54400,
,,,0.000009240000,   1.55200,
,,,0.000009260000,   1.55200,
,,,0.000009280000,   1.55200,
,,,0.000009300000,   1.56000,
,,,0.000009320000,   1.56000,
,,,0.000009340000,   1.56000,
,,,0.000009360000,   1.56800,
,,,0.000009380000,   1.56800,
,,,0.000009400000,   1.57600,
,,,0.000009420000,   1.57600,
,,,0.000009440000,   1.57600,
,,,0.000009460000,   1.58400,
,,,0.000009480000,   1.58400,
,,,0.000009500000,   1.58400,
,,,0.000009520000,   1.59200,
,,,0.000009540000,   1.59200,
,,,0.000009560000,   1.60000,
,,,0.000009580000,   1.60000,
,,,0.000009600000,   1.60000,
,,,0.000009620000,   1.60800,
,,,0.000009640000,   1.60800,
,,,0.000009660000,   1.60800,
,,,0.000009680000,   1.61600,
,,,0.000009700000,   1.61600,
,,,0.000009720000,   1.61600,
,,,0.000009740000,   1.62400,
,,,0.000009760000,   1.62400,
,,,0.000009780000,   1.63200,
,,,0.000009800000,   1.63200,
,,,0.000009820000,   1.63200,
,,,0.000009840000,   1.64000,
,,,0.000009860000,   1.64000,
,,,0.000009880000,   1.64800,
,,,0.000009900000,   1.64800,
,,,0.000009920000,   1.64800,
,,,0.000009940000,   1.65600,
,,,0.000009960000,   1.65600,
,,,0.000009980000,   1.65600,
,,,0.000010000000,   1.66400,
,,,0.000010020000,   1.66400,
,,,0.000010040000,   1.67200,
,,,0.000010060000,   1.67200,
,,,0.000010080000,   1.67200,
,,,0.000010100000,   1.67200,
,,,0.000010120000,   1.68000,
,,,0.000010140000,   1.68000,
,,,0.000010160000,   1.68000,
,,,0.000010180000,   1.68000,
,,,0.000010200000,   1.68800,
,,,0.000010220000,   1.68800,
,,,0.000010240000,   1.68800,
,,,0.000010260000,   1.69600,
,,,0.000010280000,   1.69600,
,,,0.000010300000,   1.69600,
,,,0.000010320000,   1.69600,
,,,0.000010340000,   1.69600,
,,,0.000010360000,   1.70400,
,,,0.000010380000,   1.70400,
,,,0.000010400000,   1.70400,
,,,0.000010420000,   1.71200,
,,,0.000010440000,   1.71200,
,,,0.000010460000,   1.72000,
,,,0.000010480000,   1.72000,
,,,0.000010500000,   1.72000,
,,,0.000010520000,   1.72000,
,,,0.000010540000,   1.72800,
,,,0.000010560000,   1.72800,
,,,0.000010580000,   1.72800,
,,,0.000010600000,   1.72800,
,,,0.000010620000,   1.73600,
,,,0.000010640000,   1.73600,
,,,0.000010660000,   1.73600,
,,,0.000010680000,   1.73600,
,,,0.000010700000,   1.74400,
,,,0.000010720000,   1.74400,
,,,0.000010740000,   1.74400,
,,,0.000010760000,   1.74400,
,,,0.000010780000,   1.75200,
,,,0.000010800000,   1.75200,
,,,0.000010820000,   1.75200,
,,,0.000010840000,   1.75200,
,,,0.000010860000,   1.75200,
,,,0.000010880000,   1.76000,
,,,0.000010900000,   1.76000,
,,,0.000010920000,   1.76000,
,,,0.000010940000,   1.76000,
,,,0.000010960000,   1.76800,
,,,0.000010980000,   1.76800,
,,,0.000011000000,   1.76800,
,,,0.000011020000,   1.76800,
,,,0.000011040000,   1.76800,
,,,0.000011060000,   1.77600,
,,,0.000011080000,   1.77600,
,,,0.000011100000,   1.77600,
,,,0.000011120000,   1.77600,
,,,0.000011140000,   1.77600,
,,,0.000011160000,   1.78400,
,,,0.000011180000,   1.78400,
,,,0.000011200000,   1.78400,
,,,0.000011220000,   1.78400,
,,,0.000011240000,   1.78400,
,,,0.000011260000,   1.78400,
,,,0.000011280000,   1.78400,
,,,0.000011300000,   1.79200,
,,,0.000011320000,   1.79200,
,,,0.000011340000,   1.79200,
,,,0.000011360000,   1.79200,
,,,0.000011380000,   1.79200,
,,,0.000011400000,   1.80000,
,,,0.000011420000,   1.79200,
,,,0.000011440000,   1.80000,
,,,0.000011460000,   1.80000,
,,,0.000011480000,   1.80000,
,,,0.000011500000,   1.80000,
,,,0.000011520000,   1.80000,
,,,0.000011540000,   1.80000,
,,,0.000011560000,   1.80800,
,,,0.000011580000,   1.80800,
,,,0.000011600000,   1.80800,
,,,0.000011620000,   1.80800,
,,,0.000011640000,   1.80800,
,,,0.000011660000,   1.80800,
,,,0.000011680000,   1.81600,
,,,0.000011700000,   1.81600,
,,,0.000011720000,   1.81600,
,,,0.000011740000,   1.81600,
,,,0.000011760000,   1.81600,
,,,0.000011780000,   1.81600,
,,,0.000011800000,   1.81600,
,,,0.000011820000,   1.81600,
,,,0.000011840000,   1.81600,
,,,0.000011860000,   1.81600,
,,,0.000011880000,   1.81600,
,,,0.000011900000,   1.81600,
,,,0.000011920000,   1.82400,
,,,0.000011940000,   1.82400,
,,,0.000011960000,   1.81600,
,,,0.000011980000,   1.82400,
,,,0.000012000000,   1.82400,
,,,0.000012020000,   1.82400,
,,,0.000012040000,   1.82400,
,,,0.000012060000,   1.82400,
,,,0.000012080000,   1.82400,
,,,0.000012100000,   1.82400,
,,,0.000012120000,   1.82400,
,,,0.000012140000,   1.82400,
,,,0.000012160000,   1.82400,
,,,0.000012180000,   1.82400,
,,,0.000012200000,   1.82400,
,,,0.000012220000,   1.82400,
,,,0.000012240000,   1.82400,
,,,0.000012260000,   1.83200,
,,,0.000012280000,   1.83200,
,,,0.000012300000,   1.83200,
,,,0.000012320000,   1.83200,
,,,0.000012340000,   1.83200,
,,,0.000012360000,   1.82400,
,,,0.000012380000,   1.83200,
,,,0.000012400000,   1.83200,
,,,0.000012420000,   1.83200,
,,,0.000012440000,   1.83200,
,,,0.000012460000,   1.83200,
,,,0.000012480000,   1.83200,
,,,0.000012500000,   1.83200,
,,,0.000012520000,   1.83200,
,,,0.000012540000,   1.83200,
,,,0.000012560000,   1.83200,
,,,0.000012580000,   1.83200,
,,,0.000012600000,   1.83200,
,,,0.000012620000,   1.83200,
,,,0.000012640000,   1.82400,
,,,0.000012660000,   1.83200,
,,,0.000012680000,   1.83200,
,,,0.000012700000,   1.83200,
,,,0.000012720000,   1.83200,
,,,0.000012740000,   1.82400,
,,,0.000012760000,   1.83200,
,,,0.000012780000,   1.83200,
,,,0.000012800000,   1.82400,
,,,0.000012820000,   1.82400,
,,,0.000012840000,   1.82400,
,,,0.000012860000,   1.82400,
,,,0.000012880000,   1.82400,
,,,0.000012900000,   1.82400,
,,,0.000012920000,   1.82400,
,,,0.000012940000,   1.82400,
,,,0.000012960000,   1.82400,
,,,0.000012980000,   1.82400,
,,,0.000013000000,   1.82400,
,,,0.000013020000,   1.81600,
,,,0.000013040000,   1.82400,
,,,0.000013060000,   1.81600,
,,,0.000013080000,   1.82400,
,,,0.000013100000,   1.82400,
,,,0.000013120000,   1.82400,
,,,0.000013140000,   1.81600,
,,,0.000013160000,   1.81600,
,,,0.000013180000,   1.81600,
,,,0.000013200000,   1.81600,
,,,0.000013220000,   1.81600,
,,,0.000013240000,   1.81600,
,,,0.000013260000,   1.81600,
,,,0.000013280000,   1.81600,
,,,0.000013300000,   1.81600,
,,,0.000013320000,   1.81600,
,,,0.000013340000,   1.80800,
,,,0.000013360000,   1.80800,
,,,0.000013380000,   1.80800,
,,,0.000013400000,   1.80800,
,,,0.000013420000,   1.80800,
,,,0.000013440000,   1.80800,
,,,0.000013460000,   1.80800,
,,,0.000013480000,   1.80800,
,,,0.000013500000,   1.80000,
,,,0.000013520000,   1.80000,
,,,0.000013540000,   1.80000,
,,,0.000013560000,   1.80000,
,,,0.000013580000,   1.80000,
,,,0.000013600000,   1.79200,
,,,0.000013620000,   1.79200,
,,,0.000013640000,   1.79200,
,,,0.000013660000,   1.79200,
,,,0.000013680000,   1.79200,
,,,0.000013700000,   1.79200,
,,,0.000013720000,   1.79200,
,,,0.000013740000,   1.78400,
,,,0.000013760000,   1.78400,
,,,0.000013780000,   1.78400,
,,,0.000013800000,   1.78400,
,,,0.000013820000,   1.78400,
,,,0.000013840000,   1.77600,
,,,0.000013860000,   1.77600,
,,,0.000013880000,   1.77600,
,,,0.000013900000,   1.77600,
,,,0.000013920000,   1.77600,
,,,0.000013940000,   1.77600,
,,,0.000013960000,   1.77600,
,,,0.000013980000,   1.77600,
,,,0.000014000000,   1.76800,
,,,0.000014020000,   1.76800,
,,,0.000014040000,   1.76800,
,,,0.000014060000,   1.76800,
,,,0.000014080000,   1.76000,
,,,0.000014100000,   1.76000,
,,,0.000014120000,   1.76000,
,,,0.000014140000,   1.76000,
,,,0.000014160000,   1.76000,
,,,0.000014180000,   1.76000,
,,,0.000014200000,   1.75200,
,,,0.000014220000,   1.75200,
,,,0.000014240000,   1.75200,
,,,0.000014260000,   1.75200,
,,,0.000014280000,   1.74400,
,,,0.000014300000,   1.74400,
,,,0.000014320000,   1.74400,
,,,0.000014340000,   1.74400,
,,,0.000014360000,   1.73600,
,,,0.000014380000,   1.73600,
,,,0.000014400000,   1.73600,
,,,0.000014420000,   1.73600,
,,,0.000014440000,   1.72800,
,,,0.000014460000,   1.72800,
,,,0.000014480000,   1.72000,
,,,0.000014500000,   1.72800,
,,,0.000014520000,   1.72000,
,,,0.000014540000,   1.72000,
,,,0.000014560000,   1.72000,
,,,0.000014580000,   1.71200,
,,,0.000014600000,   1.71200,
,,,0.000014620000,   1.71200,
,,,0.000014640000,   1.70400,
,,,0.000014660000,   1.70400,
,,,0.000014680000,   1.70400,
,,,0.000014700000,   1.70400,
,,,0.000014720000,   1.69600,
,,,0.000014740000,   1.69600,
,,,0.000014760000,   1.69600,
,,,0.000014780000,   1.68800,
,,,0.000014800000,   1.68800,
,,,0.000014820000,   1.68800,
,,,0.000014840000,   1.68800,
,,,0.000014860000,   1.68800,
,,,0.000014880000,   1.68000,
,,,0.000014900000,   1.68000,
,,,0.000014920000,   1.68000,
,,,0.000014940000,   1.68000,
,,,0.000014960000,   1.67200,
,,,0.000014980000,   1.67200,
,,,0.000015000000,   1.67200,
,,,0.000015020000,   1.66400,
,,,0.000015040000,   1.66400,
,,,0.000015060000,   1.66400,
,,,0.000015080000,   1.65600,
,,,0.000015100000,   1.65600,
,,,0.000015120000,   1.64800,
,,,0.000015140000,   1.64800,
,,,0.000015160000,   1.64800,
,,,0.000015180000,   1.64800,
,,,0.000015200000,   1.64000,
,,,0.000015220000,   1.64000,
,,,0.000015240000,   1.64000,
,,,0.000015260000,   1.63200,
,,,0.000015280000,   1.63200,
,,,0.000015300000,   1.62400,
,,,0.000015320000,   1.62400,
,,,0.000015340000,   1.62400,
,,,0.000015360000,   1.62400,
,,,0.000015380000,   1.61600,
,,,0.000015400000,   1.61600,
,,,0.000015420000,   1.60800,
,,,0.000015440000,   1.60800,
,,,0.000015460000,   1.60000,
,,,0.000015480000,   1.60000,
,,,0.000015500000,   1.60000,
,,,0.000015520000,   1.60000,
,,,0.000015540000,   1.59200,
,,,0.000015560000,   1.59200,
,,,0.000015580000,   1.59200,
,,,0.000015600000,   1.58400,
,,,0.000015620000,   1.58400,
,,,0.000015640000,   1.57600,
,,,0.000015660000,   1.57600,
,,,0.000015680000,   1.57600,
,,,0.000015700000,   1.56800,
,,,0.000015720000,   1.56800,
,,,0.000015740000,   1.56800,
,,,0.000015760000,   1.56000,
,,,0.000015780000,   1.56000,
,,,0.000015800000,   1.56000,
,,,0.000015820000,   1.55200,
,,,0.000015840000,   1.55200,
,,,0.000015860000,   1.54400,
,,,0.000015880000,   1.54400,
,,,0.000015900000,   1.54400,
,,,0.000015920000,   1.53600,
,,,0.000015940000,   1.53600,
,,,0.000015960000,   1.52800,
,,,0.000015980000,   1.52800,
,,,0.000016000000,   1.52000,
,,,0.000016020000,   1.52000,
,,,0.000016040000,   1.52000,
,,,0.000016060000,   1.51200,
,,,0.000016080000,   1.50400,
,,,0.000016100000,   1.50400,
,,,0.000016120000,   1.50400,
,,,0.000016140000,   1.49600,
,,,0.000016160000,   1.49600,
,,,0.000016180000,   1.48800,
,,,0.000016200000,   1.48800,
,,,0.000016220000,   1.48800,
,,,0.000016240000,   1.48000,
,,,0.000016260000,   1.47200,
,,,0.000016280000,   1.47200,
,,,0.000016300000,   1.47200,
,,,0.000016320000,   1.46400,
,,,0.000016340000,   1.46400,
,,,0.000016360000,   1.46400,
,,,0.000016380000,   1.45600,
,,,0.000016400000,   1.45600,
,,,0.000016420000,   1.44800,
,,,0.000016440000,   1.44800,
,,,0.000016460000,   1.44800,
,,,0.000016480000,   1.44000,
,,,0.000016500000,   1.44000,
,,,0.000016520000,   1.43200,
,,,0.000016540000,   1.43200,
,,,0.000016560000,   1.42400,
,,,0.000016580000,   1.42400,
,,,0.000016600000,   1.41600,
,,,0.000016620000,   1.41600,
,,,0.000016640000,   1.41600,
,,,0.000016660000,   1.40800,
,,,0.000016680000,   1.40800,
,,,0.000016700000,   1.40000,
,,,0.000016720000,   1.40000,
,,,0.000016740000,   1.39200,
,,,0.000016760000,   1.39200,
,,,0.000016780000,   1.38400,
,,,0.000016800000,   1.38400,
,,,0.000016820000,   1.37600,
,,,0.000016840000,   1.37600,
,,,0.000016860000,   1.36800,
,,,0.000016880000,   1.36800,
,,,0.000016900000,   1.36800,
,,,0.000016920000,   1.36000,
,,,0.000016940000,   1.35200,
,,,0.000016960000,   1.35200,
,,,0.000016980000,   1.35200,
,,,0.000017000000,   1.34400,
,,,0.000017020000,   1.34400,
,,,0.000017040000,   1.33600,
,,,0.000017060000,   1.33600,
,,,0.000017080000,   1.32800,
,,,0.000017100000,   1.32800,
,,,0.000017120000,   1.32000,
,,,0.000017140000,   1.32000,
,,,0.000017160000,   1.31200,
,,,0.000017180000,   1.31200,
,,,0.000017200000,   1.30400,
,,,0.000017220000,   1.30400,
,,,0.000017240000,   1.29600,
,,,0.000017260000,   1.29600,
,,,0.000017280000,   1.28800,
,,,0.000017300000,   1.28800,
,,,0.000017320000,   1.28800,
,,,0.000017340000,   1.28000,
,,,0.000017360000,   1.28000,
,,,0.000017380000,   1.27200,
,,,0.000017400000,   1.26400,
,,,0.000017420000,   1.26400,
,,,0.000017440000,   1.26400,
,,,0.000017460000,   1.25600,
,,,0.000017480000,   1.25600,
,,,0.000017500000,   1.24800,
,,,0.000017520000,   1.24800,
,,,0.000017540000,   1.24000,
,,,0.000017560000,   1.24000,
,,,0.000017580000,   1.23200,
,,,0.000017600000,   1.23200,
,,,0.000017620000,   1.22400,
,,,0.000017640000,   1.22400,
,,,0.000017660000,   1.21600,
,,,0.000017680000,   1.20800,
,,,0.000017700000,   1.20800,
,,,0.000017720000,   1.20000,
,,,0.000017740000,   1.20000,
,,,0.000017760000,   1.20000,
,,,0.000017780000,   1.19200,
,,,0.000017800000,   1.18400,
,,,0.000017820000,   1.18400,
,,,0.000017840000,   1.18400,
,,,0.000017860000,   1.17600,
,,,0.000017880000,   1.16800,
,,,0.000017900000,   1.16800,
,,,0.000017920000,   1.16000,
,,,0.000017940000,   1.16000,
,,,0.000017960000,   1.16000,
,,,0.000017980000,   1.15200,
,,,0.000018000000,   1.15200,
,,,0.000018020000,   1.14400,
,,,0.000018040000,   1.13600,
,,,0.000018060000,   1.13600,
,,,0.000018080000,   1.12800,
,,,0.000018100000,   1.12800,
,,,0.000018120000,   1.12000,
,,,0.000018140000,   1.11200,
,,,0.000018160000,   1.11200,
,,,0.000018180000,   1.11200,
,,,0.000018200000,   1.10400,
,,,0.000018220000,   1.10400,
,,,0.000018240000,   1.09600,
,,,0.000018260000,   1.09600,
,,,0.000018280000,   1.08800,
,,,0.000018300000,   1.08800,
,,,0.000018320000,   1.08000,
,,,0.000018340000,   1.08000,
,,,0.000018360000,   1.07200,
,,,0.000018380000,   1.07200,
,,,0.000018400000,   1.06400,
,,,0.000018420000,   1.05600,
,,,0.000018440000,   1.05600,
,,,0.000018460000,   1.04800,
,,,0.000018480000,   1.04800,
,,,0.000018500000,   1.04000,
,,,0.000018520000,   1.04000,
,,,0.000018540000,   1.03200,
,,,0.000018560000,   1.03200,
,,,0.000018580000,   1.02400,
,,,0.000018600000,   1.02400,
,,,0.000018620000,   1.01600,
,,,0.000018640000,   1.01600,
,,,0.000018660000,   1.00800,
,,,0.000018680000,   1.00800,
,,,0.000018700000,   1.00000,
,,,0.000018720000,   0.99200,
,,,0.000018740000,   0.99200,
,,,0.000018760000,   0.99200,
,,,0.000018780000,   0.98400,
,,,0.000018800000,   0.97600,
,,,0.000018820000,   0.97600,
,,,0.000018840000,   0.96800,
,,,0.000018860000,   0.96800,
,,,0.000018880000,   0.96800,
,,,0.000018900000,   0.96000,
,,,0.000018920000,   0.95200,
,,,0.000018940000,   0.95200,
,,,0.000018960000,   0.94400,
,,,0.000018980000,   0.94400,
,,,0.000019000000,   0.93600,
,,,0.000019020000,   0.93600,
,,,0.000019040000,   0.92800,
,,,0.000019060000,   0.92800,
,,,0.000019080000,   0.92000,
,,,0.000019100000,   0.92000,
,,,0.000019120000,   0.91200,
,,,0.000019140000,   0.91200,
,,,0.000019160000,   0.90400,
,,,0.000019180000,   0.90400,
,,,0.000019200000,   0.89600,
,,,0.000019220000,   0.89600,
,,,0.000019240000,   0.88800,
,,,0.000019260000,   0.88800,
,,,0.000019280000,   0.88000,
,,,0.000019300000,   0.88000,
,,,0.000019320000,   0.87200,
,,,0.000019340000,   0.87200,
,,,0.000019360000,   0.86400,
,,,0.000019380000,   0.86400,
,,,0.000019400000,   0.85600,
,,,0.000019420000,   0.85600,
,,,0.000019440000,   0.84800,
,,,0.000019460000,   0.84800,
,,,0.000019480000,   0.84000,
,,,0.000019500000,   0.84000,
,,,0.000019520000,   0.83200,
,,,0.000019540000,   0.83200,
,,,0.000019560000,   0.82400,
,,,0.000019580000,   0.81600,
,,,0.000019600000,   0.81600,
,,,0.000019620000,   0.81600,
,,,0.000019640000,   0.80800,
,,,0.000019660000,   0.80800,
,,,0.000019680000,   0.80000,
,,,0.000019700000,   0.80000,
,,,0.000019720000,   0.79200,
,,,0.000019740000,   0.79200,
,,,0.000019760000,   0.78400,
,,,0.000019780000,   0.78400,
,,,0.000019800000,   0.77600,
,,,0.000019820000,   0.77600,
,,,0.000019840000,   0.76800,
,,,0.000019860000,   0.76800,
,,,0.000019880000,   0.76000,
,,,0.000019900000,   0.76000,
,,,0.000019920000,   0.75200,
,,,0.000019940000,   0.75200,
,,,0.000019960000,   0.75200,
,,,0.000019980000,   0.74400,
,,,0.000020000000,   0.73600,
,,,0.000020020000,   0.73600,
,,,0.000020040000,   0.73600,
,,,0.000020060000,   0.72800,
,,,0.000020080000,   0.72000,
,,,0.000020100000,   0.72000,
,,,0.000020120000,   0.72000,
,,,0.000020140000,   0.71200,
,,,0.000020160000,   0.71200,
,,,0.000020180000,   0.70400,
,,,0.000020200000,   0.70400,
,,,0.000020220000,   0.69600,
,,,0.000020240000,   0.69600,
,,,0.000020260000,   0.68800,
,,,0.000020280000,   0.68800,
,,,0.000020300000,   0.68000,
,,,0.000020320000,   0.68000,
,,,0.000020340000,   0.67200,
,,,0.000020360000,   0.67200,
,,,0.000020380000,   0.66400,
,,,0.000020400000,   0.66400,
,,,0.000020420000,   0.65600,
,,,0.000020440000,   0.65600,
,,,0.000020460000,   0.65600,
,,,0.000020480000,   0.64800,
,,,0.000020500000,   0.64800,
,,,0.000020520000,   0.64000,
,,,0.000020540000,   0.63200,
,,,0.000020560000,   0.63200,
,,,0.000020580000,   0.63200,
,,,0.000020600000,   0.62400,
,,,0.000020620000,   0.62400,
,,,0.000020640000,   0.61600,
,,,0.000020660000,   0.61600,
,,,0.000020680000,   0.61600,
,,,0.000020700000,   0.60800,
,,,0.000020720000,   0.60800,
,,,0.000020740000,   0.60800,
,,,0.000020760000,   0.60000,
,,,0.000020780000,   0.60000,
,,,0.000020800000,   0.59200,
,,,0.000020820000,   0.59200,
,,,0.000020840000,   0.58400,
,,,0.000020860000,   0.58400,
,,,0.000020880000,   0.58400,
,,,0.000020900000,   0.57600,
,,,0.000020920000,   0.57600,
,,,0.000020940000,   0.56800,
,,,0.000020960000,   0.56800,
,,,0.000020980000,   0.56000,
,,,0.000021000000,   0.56000,
,,,0.000021020000,   0.55200,
,,,0.000021040000,   0.55200,
,,,0.000021060000,   0.55200,
,,,0.000021080000,   0.54400,
,,,0.000021100000,   0.54400,
,,,0.000021120000,   0.53600,
,,,0.000021140000,   0.53600,
,,,0.000021160000,   0.52800,
,,,0.000021180000,   0.52800,
,,,0.000021200000,   0.52800,
,,,0.000021220000,   0.52000,
,,,0.000021240000,   0.52000,
,,,0.000021260000,   0.51200,
,,,0.000021280000,   0.51200,
,,,0.000021300000,   0.50400,
,,,0.000021320000,   0.50400,
,,,0.000021340000,   0.50400,
,,,0.000021360000,   0.49600,
,,,0.000021380000,   0.49600,
,,,0.000021400000,   0.49600,
,,,0.000021420000,   0.48800,
,,,0.000021440000,   0.48800,
,,,0.000021460000,   0.48800,
,,,0.000021480000,   0.48000,
,,,0.000021500000,   0.48000,
,,,0.000021520000,   0.48000,
,,,0.000021540000,   0.47200,
,,,0.000021560000,   0.47200,
,,,0.000021580000,   0.46400,
,,,0.000021600000,   0.46400,
,,,0.000021620000,   0.46400,
,,,0.000021640000,   0.45600,
,,,0.000021660000,   0.45600,
,,,0.000021680000,   0.44800,
,,,0.000021700000,   0.44800,
,,,0.000021720000,   0.44800,
,,,0.000021740000,   0.44800,
,,,0.000021760000,   0.44000,
,,,0.000021780000,   0.44000,
,,,0.000021800000,   0.44000,
,,,0.000021820000,   0.43200,
,,,0.000021840000,   0.43200,
,,,0.000021860000,   0.43200,
,,,0.000021880000,   0.42400,
,,,0.000021900000,   0.42400,
,,,0.000021920000,   0.41600,
,,,0.000021940000,   0.41600,
,,,0.000021960000,   0.41600,
,,,0.000021980000,   0.40800,
,,,0.000022000000,   0.40800,
,,,0.000022020000,   0.40800,
,,,0.000022040000,   0.40000,
,,,0.000022060000,   0.40000,
,,,0.000022080000,   0.39200,
,,,0.000022100000,   0.39200,
,,,0.000022120000,   0.39200,
,,,0.000022140000,   0.38400,
,,,0.000022160000,   0.38400,
,,,0.000022180000,   0.38400,
,,,0.000022200000,   0.38400,
,,,0.000022220000,   0.37600,
,,,0.000022240000,   0.37600,
,,,0.000022260000,   0.36800,
,,,0.000022280000,   0.37600,
,,,0.000022300000,   0.36800,
,,,0.000022320000,   0.36800,
,,,0.000022340000,   0.36800,
,,,0.000022360000,   0.36000,
,,,0.000022380000,   0.36000,
,,,0.000022400000,   0.36000,
,,,0.000022420000,   0.36000,
,,,0.000022440000,   0.35200,
,,,0.000022460000,   0.35200,
,,,0.000022480000,   0.35200,
,,,0.000022500000,   0.34400,
,,,0.000022520000,   0.34400,
,,,0.000022540000,   0.34400,
,,,0.000022560000,   0.34400,
,,,0.000022580000,   0.33600,
,,,0.000022600000,   0.33600,
,,,0.000022620000,   0.33600,
,,,0.000022640000,   0.32800,
,,,0.000022660000,   0.32800,
,,,0.000022680000,   0.32800,
,,,0.000022700000,   0.32800,
,,,0.000022720000,   0.32000,
,,,0.000022740000,   0.32000,
,,,0.000022760000,   0.32000,
,,,0.000022780000,   0.31200,
,,,0.000022800000,   0.31200,
,,,0.000022820000,   0.31200,
,,,0.000022840000,   0.31200,
,,,0.000022860000,   0.30400,
,,,0.000022880000,   0.30400,
,,,0.000022900000,   0.30400,
,,,0.000022920000,   0.30400,
,,,0.000022940000,   0.30400,
,,,0.000022960000,   0.29600,
,,,0.000022980000,   0.29600,
,,,0.000023000000,   0.29600,
,,,0.000023020000,   0.28800,
,,,0.000023040000,   0.28800,
,,,0.000023060000,   0.28800,
,,,0.000023080000,   0.28800,
,,,0.000023100000,   0.28800,
,,,0.000023120000,   0.28000,
,,,0.000023140000,   0.28000,
,,,0.000023160000,   0.28000,
,,,0.000023180000,   0.28000,
,,,0.000023200000,   0.28000,
,,,0.000023220000,   0.28000,
,,,0.000023240000,   0.27200,
,,,0.000023260000,   0.27200,
,,,0.000023280000,   0.27200,
,,,0.000023300000,   0.27200,
,,,0.000023320000,   0.27200,
,,,0.000023340000,   0.26400,
,,,0.000023360000,   0.26400,
,,,0.000023380000,   0.26400,
,,,0.000023400000,   0.26400,
,,,0.000023420000,   0.26400,
,,,0.000023440000,   0.26400,
,,,0.000023460000,   0.26400,
,,,0.000023480000,   0.26400,
,,,0.000023500000,   0.25600,
,,,0.000023520000,   0.25600,
,,,0.000023540000,   0.25600,
,,,0.000023560000,   0.25600,
,,,0.000023580000,   0.24800,
,,,0.000023600000,   0.24800,
,,,0.000023620000,   0.24800,
,,,0.000023640000,   0.24800,
,,,0.000023660000,   0.24800,
,,,0.000023680000,   0.24000,
,,,0.000023700000,   0.24000,
,,,0.000023720000,   0.24000,
,,,0.000023740000,   0.24000,
,,,0.000023760000,   0.24000,
,,,0.000023780000,   0.24000,
,,,0.000023800000,   0.24000,
,,,0.000023820000,   0.23200,
,,,0.000023840000,   0.23200,
,,,0.000023860000,   0.23200,
,,,0.000023880000,   0.23200,
,,,0.000023900000,   0.23200,
,,,0.000023920000,   0.23200,
,,,0.000023940000,   0.23200,
,,,0.000023960000,   0.23200,
,,,0.000023980000,   0.23200,
,,,0.000024000000,   0.22400,
,,,0.000024020000,   0.22400,
,,,0.000024040000,   0.22400,
,,,0.000024060000,   0.22400,
,,,0.000024080000,   0.22400,
,,,0.000024100000,   0.22400,
,,,0.000024120000,   0.22400,
,,,0.000024140000,   0.22400,
,,,0.000024160000,   0.22400,
,,,0.000024180000,   0.21600,
,,,0.000024200000,   0.21600,
,,,0.000024220000,   0.21600,
,,,0.000024240000,   0.21600,
,,,0.000024260000,   0.21600,
,,,0.000024280000,   0.21600,
,,,0.000024300000,   0.21600,
,,,0.000024320000,   0.21600,
,,,0.000024340000,   0.21600,
,,,0.000024360000,   0.21600,
,,,0.000024380000,   0.21600,
,,,0.000024400000,   0.21600,
,,,0.000024420000,   0.20800,
,,,0.000024440000,   0.20800,
,,,0.000024460000,   0.20800,
,,,0.000024480000,   0.20800,
,,,0.000024500000,   0.20800,
,,,0.000024520000,   0.20800,
,,,0.000024540000,   0.20800,
,,,0.000024560000,   0.20800,
,,,0.000024580000,   0.20800,
,,,0.000024600000,   0.20800,
,,,0.000024620000,   0.20800,
,,,0.000024640000,   0.20800,
,,,0.000024660000,   0.20800,
,,,0.000024680000,   0.20800,
,,,0.000024700000,   0.20800,
,,,0.000024720000,   0.20800,
,,,0.000024740000,   0.20800,
,,,0.000024760000,   0.20800,
,,,0.000024780000,   0.20800,
,,,0.000024800000,   0.20800,
,,,0.000024820000,   0.20800,
,,,0.000024840000,   0.20800,
,,,0.000024860000,   0.20800,
,,,0.000024880000,   0.20800,
,,,0.000024900000,   0.20800,
,,,0.000024920000,   0.20800,
,,,0.000024940000,   0.20800,
,,,0.000024960000,   0.20800,
,,,0.000024980000,   0.20800,
,,,0.000025000000,   0.20800,
,,,0.000025020000,   0.20800,
,,,0.000025040000,   0.20800,
,,,0.000025060000,   0.20800,
,,,0.000025080000,   0.20800,
,,,0.000025100000,   0.20800,
,,,0.000025120000,   0.20800,
,,,0.000025140000,   0.20800,
,,,0.000025160000,   0.20800,
,,,0.000025180000,   0.20800,
,,,0.000025200000,   0.20800,
,,,0.000025220000,   0.20800,
,,,0.000025240000,   0.20800,
,,,0.000025260000,   0.20800,
,,,0.000025280000,   0.20800,
,,,0.000025300000,   0.20800,
,,,0.000025320000,   0.20800,
,,,0.000025340000,   0.20800,
,,,0.000025360000,   0.20800,
,,,0.000025380000,   0.20800,
,,,0.000025400000,   0.20800,
,,,0.000025420000,   0.20800,
,,,0.000025440000,   0.20800,
,,,0.000025460000,   0.21600,
,,,0.000025480000,   0.21600,
,,,0.000025500000,   0.21600,
,,,0.000025520000,   0.21600,
,,,0.000025540000,   0.21600,
,,,0.000025560000,   0.21600,
,,,0.000025580000,   0.21600,
,,,0.000025600000,   0.21600,
,,,0.000025620000,   0.21600,
,,,0.000025640000,   0.21600,
,,,0.000025660000,   0.21600,
,,,0.000025680000,   0.21600,
,,,0.000025700000,   0.22400,
,,,0.000025720000,   0.22400,
,,,0.000025740000,   0.21600,
,,,0.000025760000,   0.22400,
,,,0.000025780000,   0.22400,
,,,0.000025800000,   0.22400,
,,,0.000025820000,   0.22400,
,,,0.000025840000,   0.22400,
,,,0.000025860000,   0.22400,
,,,0.000025880000,   0.23200,
,,,0.000025900000,   0.22400,
,,,0.000025920000,   0.23200,
,,,0.000025940000,   0.23200,
,,,0.000025960000,   0.23200,
,,,0.000025980000,   0.23200,
,,,0.000026000000,   0.23200,
,,,0.000026020000,   0.23200,
,,,0.000026040000,   0.23200,
,,,0.000026060000,   0.23200,
,,,0.000026080000,   0.24000,
,,,0.000026100000,   0.24000,
,,,0.000026120000,   0.24000,
,,,0.000026140000,   0.24000,
,,,0.000026160000,   0.24000,
,,,0.000026180000,   0.24000,
,,,0.000026200000,   0.24000,
,,,0.000026220000,   0.24000,
,,,0.000026240000,   0.24800,
,,,0.000026260000,   0.24800,
,,,0.000026280000,   0.24800,
,,,0.000026300000,   0.24800,
,,,0.000026320000,   0.24800,
,,,0.000026340000,   0.24800,
,,,0.000026360000,   0.25600,
,,,0.000026380000,   0.25600,
,,,0.000026400000,   0.25600,
,,,0.000026420000,   0.25600,
,,,0.000026440000,   0.25600,
,,,0.000026460000,   0.26400,
,,,0.000026480000,   0.26400,
,,,0.000026500000,   0.26400,
,,,0.000026520000,   0.26400,
,,,0.000026540000,   0.27200,
,,,0.000026560000,   0.27200,
,,,0.000026580000,   0.27200,
,,,0.000026600000,   0.27200,
,,,0.000026620000,   0.27200,
,,,0.000026640000,   0.27200,
,,,0.000026660000,   0.28000,
,,,0.000026680000,   0.28000,
,,,0.000026700000,   0.28000,
,,,0.000026720000,   0.28000,
,,,0.000026740000,   0.28000,
,,,0.000026760000,   0.28800,
,,,0.000026780000,   0.28800,
,,,0.000026800000,   0.28800,
,,,0.000026820000,   0.28800,
,,,0.000026840000,   0.29600,
,,,0.000026860000,   0.28800,
,,,0.000026880000,   0.29600,
,,,0.000026900000,   0.29600,
,,,0.000026920000,   0.29600,
,,,0.000026940000,   0.29600,
,,,0.000026960000,   0.30400,
,,,0.000026980000,   0.30400,
,,,0.000027000000,   0.30400,
,,,0.000027020000,   0.30400,
,,,0.000027040000,   0.30400,
,,,0.000027060000,   0.31200,
,,,0.000027080000,   0.31200,
,,,0.000027100000,   0.31200,
,,,0.000027120000,   0.32000,
,,,0.000027140000,   0.31200,
,,,0.000027160000,   0.32000,
,,,0.000027180000,   0.32000,
,,,0.000027200000,   0.32000,
,,,0.000027220000,   0.32800,
,,,0.000027240000,   0.32800,
,,,0.000027260000,   0.32800,
,,,0.000027280000,   0.32800,
,,,0.000027300000,   0.33600,
,,,0.000027320000,   0.33600,
,,,0.000027340000,   0.34400,
,,,0.000027360000,   0.34400,
,,,0.000027380000,   0.34400,
,,,0.000027400000,   0.34400,
,,,0.000027420000,   0.34400,
,,,0.000027440000,   0.35200,
,,,0.000027460000,   0.35200,
,,,0.000027480000,   0.36000,
,,,0.000027500000,   0.36000,
,,,0.000027520000,   0.36000,
,,,0.000027540000,   0.36000,
,,,0.000027560000,   0.36800,
,,,0.000027580000,   0.36800,
,,,0.000027600000,   0.36800,
,,,0.000027620000,   0.36800,
,,,0.000027640000,   0.37600,
,,,0.000027660000,   0.37600,
,,,0.000027680000,   0.37600,
,,,0.000027700000,   0.37600,
,,,0.000027720000,   0.38400,
,,,0.000027740000,   0.38400,
,,,0.000027760000,   0.38400,
,,,0.000027780000,   0.39200,
,,,0.000027800000,   0.39200,
,,,0.000027820000,   0.39200,
,,,0.000027840000,   0.39200,
,,,0.000027860000,   0.39200,
,,,0.000027880000,   0.40000,
,,,0.000027900000,   0.40000,
,,,0.000027920000,   0.40800,
,,,0.000027940000,   0.40800,
,,,0.000027960000,   0.40800,
,,,0.000027980000,   0.41600,
,,,0.000028000000,   0.41600,
,,,0.000028020000,   0.41600,
,,,0.000028040000,   0.41600,
,,,0.000028060000,   0.42400,
,,,0.000028080000,   0.42400,
,,,0.000028100000,   0.43200,
,,,0.000028120000,   0.43200,
,,,0.000028140000,   0.43200,
,,,0.000028160000,   0.44000,
,,,0.000028180000,   0.44000,
,,,0.000028200000,   0.44000,
,,,0.000028220000,   0.44000,
,,,0.000028240000,   0.45600,
,,,0.000028260000,   0.45600,
,,,0.000028280000,   0.45600,
,,,0.000028300000,   0.45600,
,,,0.000028320000,   0.45600,
,,,0.000028340000,   0.46400,
,,,0.000028360000,   0.46400,
,,,0.000028380000,   0.47200,
,,,0.000028400000,   0.47200,
,,,0.000028420000,   0.47200,
,,,0.000028440000,   0.47200,
,,,0.000028460000,   0.48000,
,,,0.000028480000,   0.48000,
,,,0.000028500000,   0.48800,
,,,0.000028520000,   0.48800,
,,,0.000028540000,   0.48800,
,,,0.000028560000,   0.49600,
,,,0.000028580000,   0.49600,
,,,0.000028600000,   0.50400,
,,,0.000028620000,   0.50400,
,,,0.000028640000,   0.50400,
,,,0.000028660000,   0.50400,
,,,0.000028680000,   0.51200,
,,,0.000028700000,   0.51200,
,,,0.000028720000,   0.51200,
,,,0.000028740000,   0.52000,
,,,0.000028760000,   0.52000,
,,,0.000028780000,   0.52800,
,,,0.000028800000,   0.52800,
,,,0.000028820000,   0.53600,
,,,0.000028840000,   0.53600,
,,,0.000028860000,   0.53600,
,,,0.000028880000,   0.54400,
,,,0.000028900000,   0.54400,
,,,0.000028920000,   0.55200,
,,,0.000028940000,   0.55200,
,,,0.000028960000,   0.56000,
,,,0.000028980000,   0.56000,
,,,0.000029000000,   0.56000,
,,,0.000029020000,   0.56800,
,,,0.000029040000,   0.56800,
,,,0.000029060000,   0.57600,
,,,0.000029080000,   0.57600,
,,,0.000029100000,   0.57600,
,,,0.000029120000,   0.58400,
,,,0.000029140000,   0.58400,
,,,0.000029160000,   0.58400,
,,,0.000029180000,   0.59200,
,,,0.000029200000,   0.59200,
,,,0.000029220000,   0.60000,
,,,0.000029240000,   0.60000,
,,,0.000029260000,   0.60000,
,,,0.000029280000,   0.60800,
,,,0.000029300000,   0.60800,
,,,0.000029320000,   0.61600,
,,,0.000029340000,   0.61600,
,,,0.000029360000,   0.61600,
,,,0.000029380000,   0.62400,
,,,0.000029400000,   0.62400,
,,,0.000029420000,   0.62400,
,,,0.000029440000,   0.63200,
,,,0.000029460000,   0.64000,
,,,0.000029480000,   0.64000,
,,,0.000029500000,   0.64000,
,,,0.000029520000,   0.64800,
,,,0.000029540000,   0.64800,
,,,0.000029560000,   0.64800,
,,,0.000029580000,   0.65600,
,,,0.000029600000,   0.65600,
,,,0.000029620000,   0.66400,
,,,0.000029640000,   0.66400,
,,,0.000029660000,   0.67200,
,,,0.000029680000,   0.67200,
,,,0.000029700000,   0.67200,
,,,0.000029720000,   0.68000,
,,,0.000029740000,   0.68000,
,,,0.000029760000,   0.68800,
,,,0.000029780000,   0.68800,
,,,0.000029800000,   0.69600,
,,,0.000029820000,   0.69600,
,,,0.000029840000,   0.70400,
,,,0.000029860000,   0.70400,
,,,0.000029880000,   0.71200,
,,,0.000029900000,   0.71200,
,,,0.000029920000,   0.72000,
,,,0.000029940000,   0.72000,
,,,0.000029960000,   0.72000,
,,,0.000029980000,   0.72800,
,,,0.000030000000,   0.72800,
,,,0.000030020000,   0.73600,
,,,0.000030040000,   0.73600,
,,,0.000030060000,   0.74400,
,,,0.000030080000,   0.74400,
,,,0.000030100000,   0.74400,
,,,0.000030120000,   0.75200,
,,,0.000030140000,   0.75200,
,,,0.000030160000,   0.75200,
,,,0.000030180000,   0.76000,
,,,0.000030200000,   0.76800,
,,,0.000030220000,   0.76800,
,,,0.000030240000,   0.76800,
,,,0.000030260000,   0.77600,
,,,0.000030280000,   0.77600,
,,,0.000030300000,   0.78400,
,,,0.000030320000,   0.78400,
,,,0.000030340000,   0.79200,
,,,0.000030360000,   0.79200,
,,,0.000030380000,   0.79200,
,,,0.000030400000,   0.80000,
,,,0.000030420000,   0.80000,
,,,0.000030440000,   0.80800,
,,,0.000030460000,   0.80800,
,,,0.000030480000,   0.81600,
,,,0.000030500000,   0.81600,
,,,0.000030520000,   0.82400,
,,,0.000030540000,   0.82400,
,,,0.000030560000,   0.83200,
,,,0.000030580000,   0.83200,
,,,0.000030600000,   0.83200,
,,,0.000030620000,   0.84000,
,,,0.000030640000,   0.84000,
,,,0.000030660000,   0.84800,
,,,0.000030680000,   0.84800,
,,,0.000030700000,   0.85600,
,,,0.000030720000,   0.85600,
,,,0.000030740000,   0.86400,
,,,0.000030760000,   0.86400,
,,,0.000030780000,   0.87200,
,,,0.000030800000,   0.87200,
,,,0.000030820000,   0.87200,
,,,0.000030840000,   0.88000,
,,,0.000030860000,   0.88800,
,,,0.000030880000,   0.88800,
,,,0.000030900000,   0.89600,
,,,0.000030920000,   0.89600,
,,,0.000030940000,   0.89600,
,,,0.000030960000,   0.90400,
,,,0.000030980000,   0.90400,
,,,0.000031000000,   0.91200,
,,,0.000031020000,   0.91200,
,,,0.000031040000,   0.91200,
,,,0.000031060000,   0.92000,
,,,0.000031080000,   0.92000,
,,,0.000031100000,   0.92800,
,,,0.000031120000,   0.92800,
,,,0.000031140000,   0.93600,
,,,0.000031160000,   0.93600,
,,,0.000031180000,   0.93600,
,,,0.000031200000,   0.94400,
,,,0.000031220000,   0.94400,
,,,0.000031240000,   0.95200,
,,,0.000031260000,   0.95200,
,,,0.000031280000,   0.96000,
,,,0.000031300000,   0.96000,
,,,0.000031320000,   0.96800,
,,,0.000031340000,   0.96800,
,,,0.000031360000,   0.97600,
,,,0.000031380000,   0.97600,
,,,0.000031400000,   0.97600,
,,,0.000031420000,   0.98400,
,,,0.000031440000,   0.99200,
,,,0.000031460000,   0.99200,
,,,0.000031480000,   0.99200,
,,,0.000031500000,   1.00000,
,,,0.000031520000,   1.00000,
,,,0.000031540000,   1.00800,
,,,0.000031560000,   1.00800,
,,,0.000031580000,   1.01600,
,,,0.000031600000,   1.01600,
,,,0.000031620000,   1.02400,
,,,0.000031640000,   1.02400,
,,,0.000031660000,   1.02400,
,,,0.000031680000,   1.03200,
,,,0.000031700000,   1.03200,
,,,0.000031720000,   1.04000,
,,,0.000031740000,   1.04000,
,,,0.000031760000,   1.04800,
,,,0.000031780000,   1.04800,
,,,0.000031800000,   1.05600,
,,,0.000031820000,   1.05600,
,,,0.000031840000,   1.06400,
,,,0.000031860000,   1.06400,
,,,0.000031880000,   1.06400,
,,,0.000031900000,   1.07200,
,,,0.000031920000,   1.07200,
,,,0.000031940000,   1.08000,
,,,0.000031960000,   1.08000,
,,,0.000031980000,   1.08800,
,,,0.000032000000,   1.08800,
,,,0.000032020000,   1.09600,
,,,0.000032040000,   1.09600,
,,,0.000032060000,   1.09600,
,,,0.000032080000,   1.10400,
,,,0.000032100000,   1.10400,
,,,0.000032120000,   1.11200,
,,,0.000032140000,   1.11200,
,,,0.000032160000,   1.11200,
,,,0.000032180000,   1.12000,
,,,0.000032200000,   1.12800,
,,,0.000032220000,   1.12800,
,,,0.000032240000,   1.12800,
,,,0.000032260000,   1.13600,
,,,0.000032280000,   1.14400,
,,,0.000032300000,   1.14400,
,,,0.000032320000,   1.14400,
,,,0.000032340000,   1.15200,
,,,0.000032360000,   1.15200,
,,,0.000032380000,   1.16000,
,,,0.000032400000,   1.16000,
,,,0.000032420000,   1.16000,
,,,0.000032440000,   1.16800,
,,,0.000032460000,   1.16800,
,,,0.000032480000,   1.17600,
,,,0.000032500000,   1.17600,
,,,0.000032520000,   1.18400,
,,,0.000032540000,   1.18400,
,,,0.000032560000,   1.19200,
,,,0.000032580000,   1.19200,
,,,0.000032600000,   1.19200,
,,,0.000032620000,   1.20000,
,,,0.000032640000,   1.20000,
,,,0.000032660000,   1.20000,
,,,0.000032680000,   1.20800,
,,,0.000032700000,   1.20800,
,,,0.000032720000,   1.21600,
,,,0.000032740000,   1.21600,
,,,0.000032760000,   1.22400,
,,,0.000032780000,   1.22400,
,,,0.000032800000,   1.22400,
,,,0.000032820000,   1.23200,
,,,0.000032840000,   1.23200,
,,,0.000032860000,   1.23200,
,,,0.000032880000,   1.24000,
,,,0.000032900000,   1.24000,
,,,0.000032920000,   1.24000,
,,,0.000032940000,   1.24800,
,,,0.000032960000,   1.24800,
,,,0.000032980000,   1.25600,
,,,0.000033000000,   1.25600,
,,,0.000033020000,   1.25600,
,,,0.000033040000,   1.26400,
,,,0.000033060000,   1.26400,
,,,0.000033080000,   1.27200,
,,,0.000033100000,   1.27200,
,,,0.000033120000,   1.27200,
,,,0.000033140000,   1.28000,
,,,0.000033160000,   1.28000,
,,,0.000033180000,   1.28800,
,,,0.000033200000,   1.28800,
,,,0.000033220000,   1.28800,
,,,0.000033240000,   1.29600,
,,,0.000033260000,   1.29600,
,,,0.000033280000,   1.30400,
,,,0.000033300000,   1.30400,
,,,0.000033320000,   1.31200,
,,,0.000033340000,   1.31200,
,,,0.000033360000,   1.31200,
,,,0.000033380000,   1.32000,
,,,0.000033400000,   1.32000,
,,,0.000033420000,   1.32000,
,,,0.000033440000,   1.32800,
,,,0.000033460000,   1.32800,
,,,0.000033480000,   1.33600,
,,,0.000033500000,   1.33600,
,,,0.000033520000,   1.33600,
,,,0.000033540000,   1.33600,
,,,0.000033560000,   1.34400,
,,,0.000033580000,   1.34400,
,,,0.000033600000,   1.35200,
,,,0.000033620000,   1.35200,
,,,0.000033640000,   1.35200,
,,,0.000033660000,   1.36000,
,,,0.000033680000,   1.36000,
,,,0.000033700000,   1.36000,
,,,0.000033720000,   1.36800,
,,,0.000033740000,   1.36800,
,,,0.000033760000,   1.36800,
,,,0.000033780000,   1.36800,
,,,0.000033800000,   1.37600,
,,,0.000033820000,   1.37600,
,,,0.000033840000,   1.38400,
,,,0.000033860000,   1.38400,
,,,0.000033880000,   1.38400,
,,,0.000033900000,   1.39200,
,,,0.000033920000,   1.39200,
,,,0.000033940000,   1.39200,
,,,0.000033960000,   1.40000,
,,,0.000033980000,   1.40000,
,,,0.000034000000,   1.40800,
,,,0.000034020000,   1.40800,
,,,0.000034040000,   1.40800,
,,,0.000034060000,   1.40800,
,,,0.000034080000,   1.41600,
,,,0.000034100000,   1.41600,
,,,0.000034120000,   1.42400,
,,,0.000034140000,   1.42400,
,,,0.000034160000,   1.42400,
,,,0.000034180000,   1.43200,
,,,0.000034200000,   1.42400,
,,,0.000034220000,   1.43200,
,,,0.000034240000,   1.43200,
,,,0.000034260000,   1.44000,
,,,0.000034280000,   1.44000,
,,,0.000034300000,   1.44000,
,,,0.000034320000,   1.44800,
,,,0.000034340000,   1.44800,
,,,0.000034360000,   1.44800,
,,,0.000034380000,   1.44800,
,,,0.000034400000,   1.45600,
,,,0.000034420000,   1.45600,
,,,0.000034440000,   1.45600,
,,,0.000034460000,   1.45600,
,,,0.000034480000,   1.45600,
,,,0.000034500000,   1.46400,
,,,0.000034520000,   1.46400,
,,,0.000034540000,   1.47200,
,,,0.000034560000,   1.47200,
,,,0.000034580000,   1.47200,
,,,0.000034600000,   1.47200,
,,,0.000034620000,   1.48000,
,,,0.000034640000,   1.48000,
,,,0.000034660000,   1.48000,
,,,0.000034680000,   1.48800,
,,,0.000034700000,   1.48800,
,,,0.000034720000,   1.48800,
,,,0.000034740000,   1.48800,
,,,0.000034760000,   1.49600,
,,,0.000034780000,   1.49600,
,,,0.000034800000,   1.49600,
,,,0.000034820000,   1.49600,
,,,0.000034840000,   1.50400,
,,,0.000034860000,   1.50400,
,,,0.000034880000,   1.50400,
,,,0.000034900000,   1.50400,
,,,0.000034920000,   1.51200,
,,,0.000034940000,   1.51200,
,,,0.000034960000,   1.52000,
,,,0.000034980000,   1.52000,
,,,0.000035000000,   1.52000,
,,,0.000035020000,   1.52000,
,,,0.000035040000,   1.52800,
,,,0.000035060000,   1.52800,
,,,0.000035080000,   1.52800,
,,,0.000035100000,   1.52800,
,,,0.000035120000,   1.52800,
,,,0.000035140000,   1.52800,
,,,0.000035160000,   1.53600,
,,,0.000035180000,   1.53600,
,,,0.000035200000,   1.53600,
,,,0.000035220000,   1.53600,
,,,0.000035240000,   1.53600,
,,,0.000035260000,   1.54400,
,,,0.000035280000,   1.54400,
,,,0.000035300000,   1.54400,
,,,0.000035320000,   1.54400,
,,,0.000035340000,   1.54400,
,,,0.000035360000,   1.55200,
,,,0.000035380000,   1.55200,
,,,0.000035400000,   1.55200,
,,,0.000035420000,   1.55200,
,,,0.000035440000,   1.55200,
,,,0.000035460000,   1.56000,
,,,0.000035480000,   1.56000,
,,,0.000035500000,   1.56000,
,,,0.000035520000,   1.56000,
,,,0.000035540000,   1.56800,
,,,0.000035560000,   1.56800,
,,,0.000035580000,   1.56800,
,,,0.000035600000,   1.56800,
,,,0.000035620000,   1.56800,
,,,0.000035640000,   1.57600,
,,,0.000035660000,   1.56800,
,,,0.000035680000,   1.57600,
,,,0.000035700000,   1.57600,
,,,0.000035720000,   1.57600,
,,,0.000035740000,   1.58400,
,,,0.000035760000,   1.58400,
,,,0.000035780000,   1.58400,
,,,0.000035800000,   1.58400,
,,,0.000035820000,   1.58400,
,,,0.000035840000,   1.58400,
,,,0.000035860000,   1.58400,
,,,0.000035880000,   1.59200,
,,,0.000035900000,   1.59200,
,,,0.000035920000,   1.59200,
,,,0.000035940000,   1.59200,
,,,0.000035960000,   1.59200,
,,,0.000035980000,   1.59200,
,,,0.000036000000,   1.59200,
,,,0.000036020000,   1.60000,
,,,0.000036040000,   1.60000,
,,,0.000036060000,   1.60000,
,,,0.000036080000,   1.60000,
,,,0.000036100000,   1.60000,
,,,0.000036120000,   1.60000,
,,,0.000036140000,   1.60000,
,,,0.000036160000,   1.60800,
,,,0.000036180000,   1.60000,
,,,0.000036200000,   1.60800,
,,,0.000036220000,   1.60800,
,,,0.000036240000,   1.60800,
,,,0.000036260000,   1.60800,
,,,0.000036280000,   1.60800,
,,,0.000036300000,   1.60800,
,,,0.000036320000,   1.60800,
,,,0.000036340000,   1.61600,
,,,0.000036360000,   1.61600,
,,,0.000036380000,   1.61600,
,,,0.000036400000,   1.61600,
,,,0.000036420000,   1.61600,
,,,0.000036440000,   1.61600,
,,,0.000036460000,   1.61600,
,,,0.000036480000,   1.61600,
,,,0.000036500000,   1.62400,
,,,0.000036520000,   1.61600,
,,,0.000036540000,   1.62400,
,,,0.000036560000,   1.62400,
,,,0.000036580000,   1.62400,
,,,0.000036600000,   1.62400,
,,,0.000036620000,   1.62400,
,,,0.000036640000,   1.62400,
,,,0.000036660000,   1.62400,
,,,0.000036680000,   1.63200,
,,,0.000036700000,   1.62400,
,,,0.000036720000,   1.62400,
,,,0.000036740000,   1.62400,
,,,0.000036760000,   1.63200,
,,,0.000036780000,   1.63200,
,,,0.000036800000,   1.63200,
,,,0.000036820000,   1.63200,
,,,0.000036840000,   1.63200,
,,,0.000036860000,   1.63200,
,,,0.000036880000,   1.63200,
,,,0.000036900000,   1.63200,
,,,0.000036920000,   1.63200,
,,,0.000036940000,   1.63200,
,,,0.000036960000,   1.63200,
,,,0.000036980000,   1.63200,
,,,0.000037000000,   1.63200,
,,,0.000037020000,   1.63200,
,,,0.000037040000,   1.63200,
,,,0.000037060000,   1.63200,
,,,0.000037080000,   1.63200,
,,,0.000037100000,   1.63200,
,,,0.000037120000,   1.63200,
,,,0.000037140000,   1.63200,
,,,0.000037160000,   1.63200,
,,,0.000037180000,   1.63200,
,,,0.000037200000,   1.63200,
,,,0.000037220000,   1.63200,
,,,0.000037240000,   1.63200,
,,,0.000037260000,   1.63200,
,,,0.000037280000,   1.63200,
,,,0.000037300000,   1.63200,
,,,0.000037320000,   1.63200,
,,,0.000037340000,   1.64000,
,,,0.000037360000,   1.64000,
,,,0.000037380000,   1.63200,
,,,0.000037400000,   1.64000,
,,,0.000037420000,   1.64000,
,,,0.000037440000,   1.63200,
,,,0.000037460000,   1.63200,
,,,0.000037480000,   1.63200,
,,,0.000037500000,   1.64000,
,,,0.000037520000,   1.64000,
,,,0.000037540000,   1.63200,
,,,0.000037560000,   1.64000,
,,,0.000037580000,   1.64000,
,,,0.000037600000,   1.63200,
,,,0.000037620000,   1.63200,
,,,0.000037640000,   1.63200,
,,,0.000037660000,   1.63200,
,,,0.000037680000,   1.63200,
,,,0.000037700000,   1.63200,
,,,0.000037720000,   1.63200,
,,,0.000037740000,   1.63200,
,,,0.000037760000,   1.63200,
,,,0.000037780000,   1.63200,
,,,0.000037800000,   1.63200,
,,,0.000037820000,   1.63200,
,,,0.000037840000,   1.63200,
,,,0.000037860000,   1.63200,
,,,0.000037880000,   1.63200,
,,,0.000037900000,   1.63200,
,,,0.000037920000,   1.63200,
,,,0.000037940000,   1.62400,
,,,0.000037960000,   1.62400,
,,,0.000037980000,   1.62400,
,,,0.000038000000,   1.62400,
,,,0.000038020000,   1.62400,
,,,0.000038040000,   1.62400,
,,,0.000038060000,   1.62400,
,,,0.000038080000,   1.62400,
,,,0.000038100000,   1.62400,
,,,0.000038120000,   1.62400,
,,,0.000038140000,   1.62400,
,,,0.000038160000,   1.62400,
,,,0.000038180000,   1.62400,
,,,0.000038200000,   1.62400,
,,,0.000038220000,   1.62400,
,,,0.000038240000,   1.61600,
,,,0.000038260000,   1.61600,
,,,0.000038280000,   1.61600,
,,,0.000038300000,   1.61600,
,,,0.000038320000,   1.61600,
,,,0.000038340000,   1.61600,
,,,0.000038360000,   1.61600,
,,,0.000038380000,   1.61600,
,,,0.000038400000,   1.61600,
,,,0.000038420000,   1.60800,
,,,0.000038440000,   1.60800,
,,,0.000038460000,   1.60800,
,,,0.000038480000,   1.60800,
,,,0.000038500000,   1.60800,
,,,0.000038520000,   1.60800,
,,,0.000038540000,   1.60800,
,,,0.000038560000,   1.60800,
,,,0.000038580000,   1.60000,
,,,0.000038600000,   1.60000,
,,,0.000038620000,   1.60000,
,,,0.000038640000,   1.60000,
,,,0.000038660000,   1.60000,
,,,0.000038680000,   1.60000,
,,,0.000038700000,   1.60000,
,,,0.000038720000,   1.59200,
,,,0.000038740000,   1.59200,
,,,0.000038760000,   1.59200,
,,,0.000038780000,   1.59200,
,,,0.000038800000,   1.59200,
,,,0.000038820000,   1.59200,
,,,0.000038840000,   1.58400,
,,,0.000038860000,   1.58400,
,,,0.000038880000,   1.58400,
,,,0.000038900000,   1.58400,
,,,0.000038920000,   1.58400,
,,,0.000038940000,   1.58400,
,,,0.000038960000,   1.58400,
,,,0.000038980000,   1.57600,
,,,0.000039000000,   1.57600,
,,,0.000039020000,   1.57600,
,,,0.000039040000,   1.57600,
,,,0.000039060000,   1.57600,
,,,0.000039080000,   1.57600,
,,,0.000039100000,   1.57600,
,,,0.000039120000,   1.57600,
,,,0.000039140000,   1.56800,
,,,0.000039160000,   1.56800,
,,,0.000039180000,   1.56800,
,,,0.000039200000,   1.56800,
,,,0.000039220000,   1.56800,
,,,0.000039240000,   1.56000,
,,,0.000039260000,   1.56000,
,,,0.000039280000,   1.56000,
,,,0.000039300000,   1.56000,
,,,0.000039320000,   1.56000,
,,,0.000039340000,   1.55200,
,,,0.000039360000,   1.55200,
,,,0.000039380000,   1.55200,
,,,0.000039400000,   1.55200,
,,,0.000039420000,   1.54400,
,,,0.000039440000,   1.54400,
,,,0.000039460000,   1.54400,
,,,0.000039480000,   1.54400,
,,,0.000039500000,   1.53600,
,,,0.000039520000,   1.53600,
,,,0.000039540000,   1.53600,
,,,0.000039560000,   1.53600,
,,,0.000039580000,   1.53600,
,,,0.000039600000,   1.52800,
,,,0.000039620000,   1.52800,
,,,0.000039640000,   1.52800,
,,,0.000039660000,   1.52800,
,,,0.000039680000,   1.52800,
,,,0.000039700000,   1.52000,
,,,0.000039720000,   1.52000,
,,,0.000039740000,   1.52000,
,,,0.000039760000,   1.52000,
,,,0.000039780000,   1.52000,
,,,0.000039800000,   1.51200,
,,,0.000039820000,   1.51200,
,,,0.000039840000,   1.51200,
,,,0.000039860000,   1.50400,
,,,0.000039880000,   1.50400,
,,,0.000039900000,   1.50400,
,,,0.000039920000,   1.50400,
,,,0.000039940000,   1.50400,
,,,0.000039960000,   1.50400,
,,,0.000039980000,   1.49600,
,,,0.000040000000,   1.49600,
,,,0.000040020000,   1.49600,
,,,0.000040040000,   1.48800,
,,,0.000040060000,   1.48800,
,,,0.000040080000,   1.48800,
,,,0.000040100000,   1.48000,
,,,0.000040120000,   1.48000,
,,,0.000040140000,   1.48000,
,,,0.000040160000,   1.48000,
,,,0.000040180000,   1.47200,
,,,0.000040200000,   1.47200,
,,,0.000040220000,   1.47200,
,,,0.000040240000,   1.46400,
,,,0.000040260000,   1.46400,
,,,0.000040280000,   1.46400,
,,,0.000040300000,   1.45600,
,,,0.000040320000,   1.45600,
,,,0.000040340000,   1.45600,
,,,0.000040360000,   1.45600,
,,,0.000040380000,   1.45600,
,,,0.000040400000,   1.44800,
,,,0.000040420000,   1.44800,
,,,0.000040440000,   1.44000,
,,,0.000040460000,   1.44000,
,,,0.000040480000,   1.44000,
,,,0.000040500000,   1.44000,
,,,0.000040520000,   1.43200,
,,,0.000040540000,   1.43200,
,,,0.000040560000,   1.43200,
,,,0.000040580000,   1.43200,
,,,0.000040600000,   1.42400,
,,,0.000040620000,   1.42400,
,,,0.000040640000,   1.42400,
,,,0.000040660000,   1.42400,
,,,0.000040680000,   1.41600,
,,,0.000040700000,   1.41600,
,,,0.000040720000,   1.41600,
,,,0.000040740000,   1.40800,
,,,0.000040760000,   1.40800,
,,,0.000040780000,   1.40800,
,,,0.000040800000,   1.40000,
,,,0.000040820000,   1.40000,
,,,0.000040840000,   1.40000,
,,,0.000040860000,   1.40000,
,,,0.000040880000,   1.39200,
,,,0.000040900000,   1.39200,
,,,0.000040920000,   1.39200,
,,,0.000040940000,   1.38400,
,,,0.000040960000,   1.38400,
,,,0.000040980000,   1.38400,
,,,0.000041000000,   1.37600,
,,,0.000041020000,   1.37600,
,,,0.000041040000,   1.37600,
,,,0.000041060000,   1.36800,
,,,0.000041080000,   1.36800,
,,,0.000041100000,   1.36800,
,,,0.000041120000,   1.36000,
,,,0.000041140000,   1.36000,
,,,0.000041160000,   1.35200,
,,,0.000041180000,   1.35200,
,,,0.000041200000,   1.35200,
,,,0.000041220000,   1.34400,
,,,0.000041240000,   1.34400,
,,,0.000041260000,   1.34400,
,,,0.000041280000,   1.34400,
,,,0.000041300000,   1.33600,
,,,0.000041320000,   1.33600,
,,,0.000041340000,   1.32800,
,,,0.000041360000,   1.32800,
,,,0.000041380000,   1.32800,
,,,0.000041400000,   1.32000,
,,,0.000041420000,   1.32000,
,,,0.000041440000,   1.32000,
,,,0.000041460000,   1.31200,
,,,0.000041480000,   1.31200,
,,,0.000041500000,   1.30400,
,,,0.000041520000,   1.31200,
,,,0.000041540000,   1.30400,
,,,0.000041560000,   1.30400,
,,,0.000041580000,   1.29600,
,,,0.000041600000,   1.29600,
,,,0.000041620000,   1.29600,
,,,0.000041640000,   1.28800,
,,,0.000041660000,   1.28800,
,,,0.000041680000,   1.28000,
,,,0.000041700000,   1.28000,
,,,0.000041720000,   1.28000,
,,,0.000041740000,   1.27200,
,,,0.000041760000,   1.27200,
,,,0.000041780000,   1.27200,
,,,0.000041800000,   1.26400,
,,,0.000041820000,   1.26400,
,,,0.000041840000,   1.26400,
,,,0.000041860000,   1.26400,
,,,0.000041880000,   1.25600,
,,,0.000041900000,   1.25600,
,,,0.000041920000,   1.24800,
,,,0.000041940000,   1.24800,
,,,0.000041960000,   1.24800,
,,,0.000041980000,   1.24000,
,,,0.000042000000,   1.24000,
,,,0.000042020000,   1.23200,
,,,0.000042040000,   1.23200,
,,,0.000042060000,   1.22400,
,,,0.000042080000,   1.22400,
,,,0.000042100000,   1.21600,
,,,0.000042120000,   1.21600,
,,,0.000042140000,   1.21600,
,,,0.000042160000,   1.20800,
,,,0.000042180000,   1.20800,
,,,0.000042200000,   1.20800,
,,,0.000042220000,   1.20000,
,,,0.000042240000,   1.20000,
,,,0.000042260000,   1.20000,
,,,0.000042280000,   1.19200,
,,,0.000042300000,   1.19200,
,,,0.000042320000,   1.19200,
,,,0.000042340000,   1.18400,
,,,0.000042360000,   1.18400,
,,,0.000042380000,   1.18400,
,,,0.000042400000,   1.17600,
,,,0.000042420000,   1.17600,
,,,0.000042440000,   1.16800,
,,,0.000042460000,   1.16800,
,,,0.000042480000,   1.16800,
,,,0.000042500000,   1.16000,
,,,0.000042520000,   1.16000,
,,,0.000042540000,   1.16000,
,,,0.000042560000,   1.15200,
,,,0.000042580000,   1.14400,
,,,0.000042600000,   1.14400,
,,,0.000042620000,   1.14400,
,,,0.000042640000,   1.13600,
,,,0.000042660000,   1.13600,
,,,0.000042680000,   1.12800,
,,,0.000042700000,   1.12800,
,,,0.000042720000,   1.12800,
,,,0.000042740000,   1.12000,
,,,0.000042760000,   1.12000,
,,,0.000042780000,   1.12000,
,,,0.000042800000,   1.11200,
,,,0.000042820000,   1.11200,
,,,0.000042840000,   1.10400,
,,,0.000042860000,   1.10400,
,,,0.000042880000,   1.09600,
,,,0.000042900000,   1.09600,
,,,0.000042920000,   1.09600,
,,,0.000042940000,   1.08800,
,,,0.000042960000,   1.08800,
,,,0.000042980000,   1.08800,
,,,0.000043000000,   1.08000,
,,,0.000043020000,   1.08000,
,,,0.000043040000,   1.07200,
,,,0.000043060000,   1.07200,
,,,0.000043080000,   1.07200,
,,,0.000043100000,   1.06400,
,,,0.000043120000,   1.05600,
,,,0.000043140000,   1.05600,
,,,0.000043160000,   1.05600,
,,,0.000043180000,   1.05600,
,,,0.000043200000,   1.04800,
,,,0.000043220000,   1.04000,
,,,0.000043240000,   1.04000,
,,,0.000043260000,   1.04000,
,,,0.000043280000,   1.04000,
,,,0.000043300000,   1.03200,
,,,0.000043320000,   1.03200,
,,,0.000043340000,   1.02400,
,,,0.000043360000,   1.02400,
,,,0.000043380000,   1.02400,
,,,0.000043400000,   1.01600,
,,,0.000043420000,   1.01600,
,,,0.000043440000,   1.00800,
,,,0.000043460000,   1.00800,
,,,0.000043480000,   1.00000,
,,,0.000043500000,   1.00000,
,,,0.000043520000,   1.00000,
,,,0.000043540000,   0.99200,
,,,0.000043560000,   0.99200,
,,,0.000043580000,   0.99200,
,,,0.000043600000,   0.98400,
,,,0.000043620000,   0.98400,
,,,0.000043640000,   0.97600,
,,,0.000043660000,   0.97600,
,,,0.000043680000,   0.97600,
,,,0.000043700000,   0.96800,
,,,0.000043720000,   0.96800,
,,,0.000043740000,   0.96000,
,,,0.000043760000,   0.96000,
,,,0.000043780000,   0.95200,
,,,0.000043800000,   0.95200,
,,,0.000043820000,   0.95200,
,,,0.000043840000,   0.94400,
,,,0.000043860000,   0.94400,
,,,0.000043880000,   0.93600,
,,,0.000043900000,   0.93600,
,,,0.000043920000,   0.93600,
,,,0.000043940000,   0.92800,
,,,0.000043960000,   0.92800,
,,,0.000043980000,   0.92000,
,,,0.000044000000,   0.92000,
,,,0.000044020000,   0.92000,
,,,0.000044040000,   0.91200,
,,,0.000044060000,   0.91200,
,,,0.000044080000,   0.91200,
,,,0.000044100000,   0.90400,
,,,0.000044120000,   0.90400,
,,,0.000044140000,   0.89600,
,,,0.000044160000,   0.89600,
,,,0.000044180000,   0.89600,
,,,0.000044200000,   0.88800,
,,,0.000044220000,   0.88800,
,,,0.000044240000,   0.88800,
,,,0.000044260000,   0.88000,
,,,0.000044280000,   0.88000,
,,,0.000044300000,   0.87200,
,,,0.000044320000,   0.87200,
,,,0.000044340000,   0.86400,
,,,0.000044360000,   0.86400,
,,,0.000044380000,   0.86400,
,,,0.000044400000,   0.85600,
,,,0.000044420000,   0.85600,
,,,0.000044440000,   0.85600,
,,,0.000044460000,   0.84800,
,,,0.000044480000,   0.84800,
,,,0.000044500000,   0.84000,
,,,0.000044520000,   0.84000,
,,,0.000044540000,   0.84000,
,,,0.000044560000,   0.83200,
,,,0.000044580000,   0.83200,
,,,0.000044600000,   0.82400,
,,,0.000044620000,   0.82400,
,,,0.000044640000,   0.82400,
,,,0.000044660000,   0.81600,
,,,0.000044680000,   0.81600,
,,,0.000044700000,   0.80800,
,,,0.000044720000,   0.80800,
,,,0.000044740000,   0.80800,
,,,0.000044760000,   0.80000,
,,,0.000044780000,   0.80000,
,,,0.000044800000,   0.80000,
,,,0.000044820000,   0.79200,
,,,0.000044840000,   0.79200,
,,,0.000044860000,   0.79200,
,,,0.000044880000,   0.78400,
,,,0.000044900000,   0.78400,
,,,0.000044920000,   0.77600,
,,,0.000044940000,   0.77600,
,,,0.000044960000,   0.77600,
,,,0.000044980000,   0.76800,
,,,0.000045000000,   0.76800,
,,,0.000045020000,   0.76800,
,,,0.000045040000,   0.76000,
,,,0.000045060000,   0.76000,
,,,0.000045080000,   0.76000,
,,,0.000045100000,   0.75200,
,,,0.000045120000,   0.75200,
,,,0.000045140000,   0.74400,
,,,0.000045160000,   0.74400,
,,,0.000045180000,   0.74400,
,,,0.000045200000,   0.74400,
,,,0.000045220000,   0.73600,
,,,0.000045240000,   0.73600,
,,,0.000045260000,   0.72800,
,,,0.000045280000,   0.72800,
,,,0.000045300000,   0.72000,
,,,0.000045320000,   0.72000,
,,,0.000045340000,   0.72000,
,,,0.000045360000,   0.72000,
,,,0.000045380000,   0.71200,
,,,0.000045400000,   0.71200,
,,,0.000045420000,   0.70400,
,,,0.000045440000,   0.70400,
,,,0.000045460000,   0.70400,
,,,0.000045480000,   0.69600,
,,,0.000045500000,   0.69600,
,,,0.000045520000,   0.69600,
,,,0.000045540000,   0.68800,
,,,0.000045560000,   0.68800,
,,,0.000045580000,   0.68800,
,,,0.000045600000,   0.68000,
,,,0.000045620000,   0.68000,
,,,0.000045640000,   0.68000,
,,,0.000045660000,   0.67200,
,,,0.000045680000,   0.67200,
,,,0.000045700000,   0.67200,
,,,0.000045720000,   0.66400,
,,,0.000045740000,   0.66400,
,,,0.000045760000,   0.66400,
,,,0.000045780000,   0.65600,
,,,0.000045800000,   0.65600,
,,,0.000045820000,   0.65600,
,,,0.000045840000,   0.65600,
,,,0.000045860000,   0.64800,
,,,0.000045880000,   0.64800,
,,,0.000045900000,   0.64000,
,,,0.000045920000,   0.64000,
,,,0.000045940000,   0.64000,
,,,0.000045960000,   0.64000,
,,,0.000045980000,   0.63200,
,,,0.000046000000,   0.63200,
,,,0.000046020000,   0.62400,
,,,0.000046040000,   0.62400,
,,,0.000046060000,   0.62400,
,,,0.000046080000,   0.62400,
,,,0.000046100000,   0.61600,
,,,0.000046120000,   0.61600,
,,,0.000046140000,   0.61600,
,,,0.000046160000,   0.60800,
,,,0.000046180000,   0.60800,
,,,0.000046200000,   0.60800,
,,,0.000046220000,   0.60000,
,,,0.000046240000,   0.60000,
,,,0.000046260000,   0.60000,
,,,0.000046280000,   0.60000,
,,,0.000046300000,   0.59200,
,,,0.000046320000,   0.59200,
,,,0.000046340000,   0.59200,
,,,0.000046360000,   0.58400,
,,,0.000046380000,   0.58400,
,,,0.000046400000,   0.58400,
,,,0.000046420000,   0.57600,
,,,0.000046440000,   0.57600,
,,,0.000046460000,   0.57600,
,,,0.000046480000,   0.57600,
,,,0.000046500000,   0.57600,
,,,0.000046520000,   0.56800,
,,,0.000046540000,   0.56800,
,,,0.000046560000,   0.56800,
,,,0.000046580000,   0.56000,
,,,0.000046600000,   0.56000,
,,,0.000046620000,   0.56000,
,,,0.000046640000,   0.56000,
,,,0.000046660000,   0.55200,
,,,0.000046680000,   0.55200,
,,,0.000046700000,   0.55200,
,,,0.000046720000,   0.54400,
,,,0.000046740000,   0.54400,
,,,0.000046760000,   0.54400,
,,,0.000046780000,   0.54400,
,,,0.000046800000,   0.53600,
,,,0.000046820000,   0.53600,
,,,0.000046840000,   0.53600,
,,,0.000046860000,   0.53600,
,,,0.000046880000,   0.52800,
,,,0.000046900000,   0.52800,
,,,0.000046920000,   0.52800,
,,,0.000046940000,   0.52000,
,,,0.000046960000,   0.52000,
,,,0.000046980000,   0.52000,
,,,0.000047000000,   0.51200,
,,,0.000047020000,   0.52000,
,,,0.000047040000,   0.51200,
,,,0.000047060000,   0.51200,
,,,0.000047080000,   0.51200,
,,,0.000047100000,   0.50400,
,,,0.000047120000,   0.50400,
,,,0.000047140000,   0.50400,
,,,0.000047160000,   0.50400,
,,,0.000047180000,   0.49600,
,,,0.000047200000,   0.49600,
,,,0.000047220000,   0.49600,
,,,0.000047240000,   0.49600,
,,,0.000047260000,   0.49600,
,,,0.000047280000,   0.48800,
,,,0.000047300000,   0.48800,
,,,0.000047320000,   0.48800,
,,,0.000047340000,   0.48800,
,,,0.000047360000,   0.48800,
,,,0.000047380000,   0.48000,
,,,0.000047400000,   0.48000,
,,,0.000047420000,   0.48000,
,,,0.000047440000,   0.48000,
,,,0.000047460000,   0.48000,
,,,0.000047480000,   0.47200,
,,,0.000047500000,   0.47200,
,,,0.000047520000,   0.47200,
,,,0.000047540000,   0.47200,
,,,0.000047560000,   0.47200,
,,,0.000047580000,   0.47200,
,,,0.000047600000,   0.46400,
,,,0.000047620000,   0.46400,
,,,0.000047640000,   0.46400,
,,,0.000047660000,   0.46400,
,,,0.000047680000,   0.45600,
,,,0.000047700000,   0.45600,
,,,0.000047720000,   0.45600,
,,,0.000047740000,   0.45600,
,,,0.000047760000,   0.45600,
,,,0.000047780000,   0.44800,
,,,0.000047800000,   0.44800,
,,,0.000047820000,   0.44800,
,,,0.000047840000,   0.44800,
,,,0.000047860000,   0.44000,
,,,0.000047880000,   0.44000,
,,,0.000047900000,   0.44000,
,,,0.000047920000,   0.44000,
,,,0.000047940000,   0.44000,
,,,0.000047960000,   0.43200,
,,,0.000047980000,   0.44000,
,,,0.000048000000,   0.43200,
,,,0.000048020000,   0.43200,
,,,0.000048040000,   0.43200,
,,,0.000048060000,   0.43200,
,,,0.000048080000,   0.43200,
,,,0.000048100000,   0.43200,
,,,0.000048120000,   0.42400,
,,,0.000048140000,   0.42400,
,,,0.000048160000,   0.42400,
,,,0.000048180000,   0.42400,
,,,0.000048200000,   0.42400,
,,,0.000048220000,   0.42400,
,,,0.000048240000,   0.42400,
,,,0.000048260000,   0.42400,
,,,0.000048280000,   0.42400,
,,,0.000048300000,   0.41600,
,,,0.000048320000,   0.41600,
,,,0.000048340000,   0.41600,
,,,0.000048360000,   0.41600,
,,,0.000048380000,   0.41600,
,,,0.000048400000,   0.41600,
,,,0.000048420000,   0.41600,
,,,0.000048440000,   0.40800,
,,,0.000048460000,   0.40800,
,,,0.000048480000,   0.40800,
,,,0.000048500000,   0.40800,
,,,0.000048520000,   0.40800,
,,,0.000048540000,   0.40800,
,,,0.000048560000,   0.40800,
,,,0.000048580000,   0.40000,
,,,0.000048600000,   0.40000,
,,,0.000048620000,   0.40000,
,,,0.000048640000,   0.40000,
,,,0.000048660000,   0.40000,
,,,0.000048680000,   0.40000,
,,,0.000048700000,   0.40000,
,,,0.000048720000,   0.40000,
,,,0.000048740000,   0.39200,
,,,0.000048760000,   0.40000,
,,,0.000048780000,   0.40000,
,,,0.000048800000,   0.40000,
,,,0.000048820000,   0.39200,
,,,0.000048840000,   0.39200,
,,,0.000048860000,   0.39200,
,,,0.000048880000,   0.39200,
,,,0.000048900000,   0.39200,
,,,0.000048920000,   0.39200,
,,,0.000048940000,   0.39200,
,,,0.000048960000,   0.39200,
,,,0.000048980000,   0.39200,
,,,0.000049000000,   0.39200,
,,,0.000049020000,   0.38400,
,,,0.000049040000,   0.39200,
,,,0.000049060000,   0.39200,
,,,0.000049080000,   0.38400,
,,,0.000049100000,   0.38400,
,,,0.000049120000,   0.38400,
,,,0.000049140000,   0.38400,
,,,0.000049160000,   0.38400,
,,,0.000049180000,   0.38400,
,,,0.000049200000,   0.38400,
,,,0.000049220000,   0.38400,
,,,0.000049240000,   0.38400,
,,,0.000049260000,   0.38400,
,,,0.000049280000,   0.38400,
,,,0.000049300000,   0.38400,
,,,0.000049320000,   0.38400,
,,,0.000049340000,   0.37600,
,,,0.000049360000,   0.37600,
,,,0.000049380000,   0.38400,
,,,0.000049400000,   0.37600,
,,,0.000049420000,   0.37600,
,,,0.000049440000,   0.37600,
,,,0.000049460000,   0.37600,
,,,0.000049480000,   0.37600,
,,,0.000049500000,   0.37600,
,,,0.000049520000,   0.37600,
,,,0.000049540000,   0.37600,
,,,0.000049560000,   0.37600,
,,,0.000049580000,   0.37600,
,,,0.000049600000,   0.37600,
,,,0.000049620000,   0.37600,
,,,0.000049640000,   0.37600,
,,,0.000049660000,   0.37600,
,,,0.000049680000,   0.37600,
,,,0.000049700000,   0.37600,
,,,0.000049720000,   0.37600,
,,,0.000049740000,   0.37600,
,,,0.000049760000,   0.37600,
,,,0.000049780000,   0.37600,
,,,0.000049800000,   0.37600,
,,,0.000049820000,   0.37600,
,,,0.000049840000,   0.37600,
,,,0.000049860000,   0.37600,
,,,0.000049880000,   0.37600,
,,,0.000049900000,   0.37600,
,,,0.000049920000,   0.37600,
,,,0.000049940000,   0.37600,
,,,0.000049960000,   0.37600,
,,,0.000049980000,   0.37600,
,,,0.000050000000,   0.37600,
,,,0.000050020000,   0.37600,
,,,0.000050040000,   0.37600,
,,,0.000050060000,   0.37600,
,,,0.000050080000,   0.37600,
,,,0.000050100000,   0.37600,
,,,0.000050120000,   0.37600,
,,,0.000050140000,   0.38400,
,,,0.000050160000,   0.38400,
,,,0.000050180000,   0.37600,
,,,0.000050200000,   0.37600,
,,,0.000050220000,   0.37600,
,,,0.000050240000,   0.38400,
,,,0.000050260000,   0.38400,
,,,0.000050280000,   0.38400,
,,,0.000050300000,   0.38400,
,,,0.000050320000,   0.38400,
,,,0.000050340000,   0.38400,
,,,0.000050360000,   0.38400,
,,,0.000050380000,   0.38400,
,,,0.000050400000,   0.38400,
,,,0.000050420000,   0.38400,
,,,0.000050440000,   0.38400,
,,,0.000050460000,   0.38400,
,,,0.000050480000,   0.38400,
,,,0.000050500000,   0.38400,
,,,0.000050520000,   0.38400,
,,,0.000050540000,   0.38400,
,,,0.000050560000,   0.38400,
,,,0.000050580000,   0.38400,
,,,0.000050600000,   0.39200,
,,,0.000050620000,   0.39200,
,,,0.000050640000,   0.39200,
,,,0.000050660000,   0.39200,
,,,0.000050680000,   0.39200,
,,,0.000050700000,   0.39200,
,,,0.000050720000,   0.39200,
,,,0.000050740000,   0.39200,
,,,0.000050760000,   0.40000,
,,,0.000050780000,   0.39200,
,,,0.000050800000,   0.40000,
,,,0.000050820000,   0.40000,
,,,0.000050840000,   0.40000,
,,,0.000050860000,   0.40000,
,,,0.000050880000,   0.40000,
,,,0.000050900000,   0.40000,
,,,0.000050920000,   0.40000,
,,,0.000050940000,   0.40000,
,,,0.000050960000,   0.40000,
,,,0.000050980000,   0.40800,
,,,0.000051000000,   0.40800,
,,,0.000051020000,   0.40800,
,,,0.000051040000,   0.40800,
,,,0.000051060000,   0.40800,
,,,0.000051080000,   0.40800,
,,,0.000051100000,   0.40800,
,,,0.000051120000,   0.40800,
,,,0.000051140000,   0.40800,
,,,0.000051160000,   0.40800,
,,,0.000051180000,   0.41600,
,,,0.000051200000,   0.41600,
,,,0.000051220000,   0.41600,
,,,0.000051240000,   0.41600,
,,,0.000051260000,   0.41600,
,,,0.000051280000,   0.41600,
,,,0.000051300000,   0.41600,
,,,0.000051320000,   0.41600,
,,,0.000051340000,   0.41600,
,,,0.000051360000,   0.42400,
,,,0.000051380000,   0.42400,
,,,0.000051400000,   0.42400,
,,,0.000051420000,   0.42400,
,,,0.000051440000,   0.42400,
,,,0.000051460000,   0.42400,
,,,0.000051480000,   0.43200,
,,,0.000051500000,   0.43200,
,,,0.000051520000,   0.43200,
,,,0.000051540000,   0.43200,
,,,0.000051560000,   0.43200,
,,,0.000051580000,   0.43200,
,,,0.000051600000,   0.44000,
,,,0.000051620000,   0.44000,
,,,0.000051640000,   0.44000,
,,,0.000051660000,   0.44000,
,,,0.000051680000,   0.44800,
,,,0.000051700000,   0.44000,
,,,0.000051720000,   0.44800,
,,,0.000051740000,   0.44800,
,,,0.000051760000,   0.44800,
,,,0.000051780000,   0.44800,
,,,0.000051800000,   0.45600,
,,,0.000051820000,   0.45600,
,,,0.000051840000,   0.45600,
,,,0.000051860000,   0.45600,
,,,0.000051880000,   0.45600,
,,,0.000051900000,   0.45600,
,,,0.000051920000,   0.45600,
,,,0.000051940000,   0.46400,
,,,0.000051960000,   0.46400,
,,,0.000051980000,   0.46400,
,,,0.000052000000,   0.46400,
,,,0.000052020000,   0.46400,
,,,0.000052040000,   0.46400,
,,,0.000052060000,   0.46400,
,,,0.000052080000,   0.47200,
,,,0.000052100000,   0.47200,
,,,0.000052120000,   0.47200,
,,,0.000052140000,   0.47200,
,,,0.000052160000,   0.47200,
,,,0.000052180000,   0.48000,
,,,0.000052200000,   0.48000,
,,,0.000052220000,   0.48000,
,,,0.000052240000,   0.48800,
,,,0.000052260000,   0.48000,
,,,0.000052280000,   0.48800,
,,,0.000052300000,   0.48800,
,,,0.000052320000,   0.48800,
,,,0.000052340000,   0.48800,
,,,0.000052360000,   0.49600,
,,,0.000052380000,   0.49600,
,,,0.000052400000,   0.49600,
,,,0.000052420000,   0.50400,
,,,0.000052440000,   0.50400,
,,,0.000052460000,   0.50400,
,,,0.000052480000,   0.50400,
,,,0.000052500000,   0.50400,
,,,0.000052520000,   0.50400,
,,,0.000052540000,   0.51200,
,,,0.000052560000,   0.51200,
,,,0.000052580000,   0.51200,
,,,0.000052600000,   0.51200,
,,,0.000052620000,   0.52000,
,,,0.000052640000,   0.52000,
,,,0.000052660000,   0.52000,
,,,0.000052680000,   0.52000,
,,,0.000052700000,   0.52800,
,,,0.000052720000,   0.52800,
,,,0.000052740000,   0.52800,
,,,0.000052760000,   0.53600,
,,,0.000052780000,   0.53600,
,,,0.000052800000,   0.53600,
,,,0.000052820000,   0.53600,
,,,0.000052840000,   0.53600,
,,,0.000052860000,   0.54400,
,,,0.000052880000,   0.54400,
,,,0.000052900000,   0.54400,
,,,0.000052920000,   0.54400,
,,,0.000052940000,   0.55200,
,,,0.000052960000,   0.55200,
,,,0.000052980000,   0.55200,
,,,0.000053000000,   0.55200,
,,,0.000053020000,   0.56000,
,,,0.000053040000,   0.56000,
,,,0.000053060000,   0.56000,
,,,0.000053080000,   0.56800,
,,,0.000053100000,   0.56800,
,,,0.000053120000,   0.56800,
,,,0.000053140000,   0.57600,
,,,0.000053160000,   0.57600,
,,,0.000053180000,   0.57600,
,,,0.000053200000,   0.57600,
,,,0.000053220000,   0.58400,
,,,0.000053240000,   0.58400,
,,,0.000053260000,   0.58400,
,,,0.000053280000,   0.58400,
,,,0.000053300000,   0.59200,
,,,0.000053320000,   0.59200,
,,,0.000053340000,   0.59200,
,,,0.000053360000,   0.59200,
,,,0.000053380000,   0.60000,
,,,0.000053400000,   0.60000,
,,,0.000053420000,   0.60000,
,,,0.000053440000,   0.60800,
,,,0.000053460000,   0.60800,
,,,0.000053480000,   0.60800,
,,,0.000053500000,   0.60800,
,,,0.000053520000,   0.61600,
,,,0.000053540000,   0.61600,
,,,0.000053560000,   0.61600,
,,,0.000053580000,   0.62400,
,,,0.000053600000,   0.62400,
,,,0.000053620000,   0.62400,
,,,0.000053640000,   0.62400,
,,,0.000053660000,   0.63200,
,,,0.000053680000,   0.63200,
,,,0.000053700000,   0.63200,
,,,0.000053720000,   0.63200,
,,,0.000053740000,   0.64000,
,,,0.000053760000,   0.64000,
,,,0.000053780000,   0.64800,
